board,angle,climb_name,date,logged_grade,displayed_grade,is_benchmark,tries,is_mirror,sessions_count,tries_total,is_repeat,is_ascent,comment
tension,40,big dog o’clock,2020-05-05 16:39:21,6c/V5,6c/V5,False,1,True,1,1,False,True,
tension,40,It's Alive!,2020-08-03 16:31:28,5a/V1,5b/V1,True,1,True,1,1,False,True,
tension,40,Sea Freight,2020-08-03 16:34:12,5c/V2,5c/V2,True,1,False,1,1,False,True,
tension,40,Less Power,2020-08-03 16:37:43,6b/V4,6b/V4,True,1,True,1,1,False,True,
tension,40,Jiggles,2020-08-03 16:43:31,6a/V3,6b/V4,True,1,True,1,1,False,True,
tension,40,bell bottoms,2020-08-03 16:59:17,6a/V3,6a/V3,True,1,True,1,1,False,True,
tension,40,Getting By,2020-08-03 17:02:27,6b/V4,6b+/V4,True,1,False,1,1,False,True,
tension,40,Bubbles,2020-08-03 17:08:21,6b/V4,6b+/V4,True,1,True,1,1,False,True,
tension,40,Bus Stop,2020-08-03 17:14:58,6c/V5,6c/V5,True,1,False,1,1,False,True,
tension,40,Bus Stop,2020-08-03 17:15:17,6c/V5,6c/V5,True,1,True,1,1,False,True,
tension,40,Hot Dogs,2020-08-03 17:21:37,6a/V3,6a/V3,True,1,True,1,1,False,True,
tension,40,Hot Dogs,2020-08-03 17:21:48,6a/V3,6a/V3,True,1,False,1,1,False,True,
tension,40,December already,2020-08-03 17:54:04,7b/V8,7b/V8,True,1,False,1,1,False,True,
tension,40,It's Alive!,2020-08-07 08:28:43,5a/V1,5b/V1,True,1,True,2,2,True,True,
tension,40,It's Alive!,2020-08-07 08:29:53,5a/V1,5b/V1,True,1,False,1,1,False,True,
tension,40,the warmup,2020-08-07 08:31:17,5c/V2,5c/V2,True,1,False,1,1,False,True,
tension,40,the warmup,2020-08-07 08:32:14,5c/V2,5c/V2,True,1,True,1,1,False,True,
tension,40,JUG,2020-08-07 08:33:46,5c/V2,6a+/V3,True,1,True,1,1,False,True,
tension,40,My First Rodeo,2020-08-07 08:56:27,7a/V6,7a/V6,True,1,False,1,1,False,True,
tension,40,My First Rodeo,2020-08-07 08:58:14,7a/V6,7a/V6,True,1,True,1,1,False,True,
tension,40,Big Pinch Laps,2020-08-07 09:06:23,6b/V4,6b/V4,True,1,True,1,1,False,True,
tension,40,The Chair,2020-08-07 09:17:10,7a/V6,7a/V6,True,1,False,1,1,False,True,
tension,40,The Chair,2020-08-07 09:20:33,7a/V6,7a/V6,True,1,True,1,1,False,True,
tension,40,Yumping,2020-08-07 09:58:26,7a/V6,6c+/V5,True,1,True,1,1,False,True,
tension,40,Yumping,2020-08-07 09:59:12,7a/V6,6c+/V5,True,1,False,1,1,False,True,
tension,40,Pre-game,2020-08-10 09:51:57,5a/V1,4a/V0,True,1,True,1,1,False,True,
tension,40,Riopio,2020-08-10 09:52:58,4a/V0,4a/V0,True,1,True,1,1,False,True,
tension,40,Tell Me,2020-08-10 09:53:49,6a/V3,6a/V3,True,1,True,1,1,False,True,
tension,40,Fifty Dollar Bill,2020-08-10 09:56:01,6a/V3,6b/V4,True,1,False,1,1,False,True,
tension,40,Fifty Dollar Bill,2020-08-10 09:56:55,6a/V3,6b/V4,True,1,True,1,1,False,True,
tension,40,Goo Lagoon,2020-08-10 09:59:27,7a/V6,7a/V6,True,1,True,1,1,False,True,
tension,40,Goo Lagoon,2020-08-10 10:01:09,7a/V6,7a/V6,True,1,False,1,1,False,True,
tension,40,Intro To Power,2020-08-10 10:05:14,6b/V4,6b/V4,True,1,False,1,1,False,True,
tension,40,Intro To Power,2020-08-10 10:07:35,6b/V4,6b/V4,True,1,True,1,1,False,True,
tension,40,Chris,2020-08-10 10:13:53,6b/V4,6b/V4,True,1,True,1,1,False,True,
tension,40,Chris,2020-08-10 10:14:55,6a/V3,6b/V4,True,1,False,1,1,False,True,
tension,40,Lemon Sorbet,2020-08-10 10:17:54,7a/V6,6c/V5,True,1,False,1,1,False,True,
tension,40,Lemon Sorbet,2020-08-10 10:19:23,7a/V6,6c/V5,True,1,True,1,1,False,True,
tension,40,Laser Camera,2020-08-12 08:38:00,6a/V3,6a/V3,True,1,True,1,1,False,True,
tension,40,Laser Camera,2020-08-12 08:38:40,6a/V3,6a/V3,True,1,False,1,1,False,True,
tension,40,Foles Gold,2020-08-12 08:39:44,6a/V3,6a/V3,True,1,True,1,1,False,True,
tension,40,Beta Sprayer,2020-08-12 08:41:13,6b/V4,6b/V4,False,1,True,1,1,False,True,
tension,40,Beta Sprayer,2020-08-12 08:45:00,6b/V4,6b/V4,False,1,False,1,1,False,True,
tension,40,Shimmy,2020-08-12 08:47:47,6c/V5,6c/V5,True,1,False,1,1,False,True,
tension,40,Shimmy,2020-08-12 08:49:05,6c/V5,6c/V5,True,1,True,1,1,False,True,
tension,40,pumpkins pumps,2020-08-12 08:55:15,6c/V5,6c/V5,True,1,False,1,1,False,True,
tension,40,pumpkins pumps,2020-08-12 08:59:04,6c/V5,6c/V5,True,1,True,1,1,False,True,
tension,40,I am bitty,2020-08-14 08:45:53,6a/V3,6a/V3,True,1,True,1,1,False,True,
tension,40,I am bitty,2020-08-14 08:48:19,6a/V3,6a/V3,True,1,False,1,1,False,True,
tension,40,Presidential Sweets,2020-08-14 08:55:58,6b/V4,6b/V4,True,1,True,1,1,False,True,
tension,40,Aisle Seat,2020-08-14 08:58:59,6b/V4,6b/V4,True,1,True,1,1,False,True,
tension,40,Aisle Seat,2020-08-14 09:02:01,6b/V4,6b/V4,True,1,False,1,1,False,True,
tension,40,Ely scheme,2020-08-14 09:18:35,6a/V3,6a/V3,False,1,False,1,1,False,True,
tension,40,Ely scheme,2020-08-14 09:18:42,6a/V3,6a/V3,False,1,True,1,1,False,True,
tension,40,loser,2020-08-14 09:49:54,5c/V2,5c/V2,True,1,False,1,1,False,True,
tension,40,loser,2020-08-14 09:50:03,5c/V2,5c/V2,True,1,True,1,1,False,True,
tension,40,simpleton5.11a,2020-08-17 14:48:39,5c/V2,6a/V3,False,1,False,1,1,False,True,
tension,40,simpleton5.11a,2020-08-17 14:48:47,5c/V2,6a/V3,False,1,True,1,1,False,True,
tension,40,Warmin up,2020-08-17 14:58:04,6c/V5,6b+/V4,True,1,True,1,1,False,True,
tension,40,Warmin up,2020-08-17 14:58:16,6c/V5,6b+/V4,True,1,False,1,1,False,True,
tension,40,Bye Bye Henry,2020-08-24 14:52:20,5c/V2,5c/V2,True,1,False,1,1,False,True,
tension,40,Bye Bye Henry,2020-08-24 14:52:30,5c/V2,5c/V2,True,1,True,1,1,False,True,
tension,40,Hot Fire,2020-08-24 14:53:37,6b/V4,6b/V4,True,1,True,1,1,False,True,
tension,40,Hot Fire,2020-08-24 14:56:38,6b/V4,6b/V4,True,1,False,1,1,False,True,
tension,40,December already,2020-08-24 15:39:47,7b/V8,7b/V8,True,1,True,1,1,False,True,
tension,40,Krummy5,2020-08-31 14:43:36,4a/V0,4b/V0,False,1,False,1,1,False,True,
tension,40,simpletonas,2020-08-31 14:53:19,6a/V3,6a/V3,True,1,False,1,1,False,True,
tension,40,simpletonas,2020-08-31 14:53:28,6a/V3,6a/V3,True,1,True,1,1,False,True,
tension,40,Gumball Guardian,2020-08-31 15:01:15,6b/V4,6b/V4,False,1,True,1,1,False,True,
tension,40,Villan,2020-09-02 14:45:01,6b/V4,6b/V4,True,1,False,1,1,False,True,
tension,40,Get Spanked,2020-09-02 14:49:08,6a/V3,6a/V3,False,1,True,1,1,False,True,
tension,40,Carnation,2020-09-02 14:52:22,6a/V3,6b/V4,True,1,True,1,1,False,True,
tension,40,Carnation,2020-09-02 14:54:29,6b/V4,6b/V4,True,1,False,1,1,False,True,
tension,40,Presidential Sweets,2020-09-09 14:41:52,6b/V4,6b/V4,True,1,False,1,1,False,True,
tension,40,Afterwards,2020-09-09 14:44:04,6b/V4,6b+/V4,True,1,False,1,1,False,True,
tension,40,Mezzoforte actual,2020-09-09 14:49:21,6c/V5,7a/V6,True,1,True,1,1,False,True,
tension,40,Mezzoforte actual,2020-09-09 14:51:36,6c/V5,7a/V6,True,1,False,1,1,False,True,
tension,40,Warm Dayz,2020-09-14 08:34:23,5a/V1,5a/V1,True,1,False,1,1,False,True,
tension,40,The Cove,2020-09-14 08:43:44,6a/V3,6a/V3,False,1,False,1,1,False,True,
tension,40,Crossy Road,2020-09-14 08:44:54,6b/V4,6b/V4,True,1,False,1,1,False,True,
tension,40,Don isn’t good,2020-09-14 09:38:24,7b/V8,7b/V8,True,1,False,1,1,False,True,
tension,40,red pill,2020-09-24 09:19:38,7b/V8,7b/V8,True,1,False,1,1,False,True,
tension,40,red pill,2020-09-24 09:22:49,7b/V8,7b/V8,True,1,True,1,1,False,True,
tension,40,lefty loosy,2020-09-28 06:37:17,4a/V0,5a/V1,True,1,False,1,1,False,True,
tension,40,Jug-Tastic,2020-09-29 06:40:10,4a/V0,5a/V1,True,1,True,1,1,False,True,
tension,40,Jug-Tastic,2020-09-29 06:40:17,4a/V0,5a/V1,True,1,False,1,1,False,True,
tension,40,Dull Scissors,2020-09-29 06:44:26,4a/V0,6a/V3,True,1,True,1,1,False,True,
tension,40,Power to the Pinches,2020-09-29 06:54:28,6b/V4,6b/V4,False,1,True,1,1,False,True,
tension,40,Power to the Pinches,2020-09-29 06:54:39,6b/V4,6b/V4,False,1,False,1,1,False,True,
tension,40,Edgejumper,2020-09-29 06:56:25,6c/V5,6c/V5,True,1,False,1,1,False,True,
tension,40,Edgejumper,2020-09-29 06:58:08,6c/V5,6c/V5,True,1,True,1,1,False,True,
tension,40,Can’t even,2020-09-29 07:37:49,7a+/V7,7a+/V7,True,1,False,1,1,False,True,
tension,40,Alaskan Bull Worm,2020-10-13 09:22:20,7a+/V7,7a+/V7,True,1,False,1,1,False,True,
tension,40,the speedy sloth,2020-10-27 08:41:32,6a/V3,6a/V3,False,1,False,1,1,False,True,
tension,40,the speedy sloth,2020-10-27 08:42:23,6a/V3,6a/V3,False,1,True,1,1,False,True,
tension,40,Carbonated,2020-10-27 08:43:53,6a/V3,6a/V3,False,1,True,1,1,False,True,
tension,40,Carbonated,2020-10-27 08:45:06,5a/V1,6a/V3,False,1,False,1,1,False,True,
tension,40,Marco Pogo,2020-10-27 08:52:17,6c/V5,6c/V5,False,1,False,1,1,False,True,
tension,40,Marco Pogo,2020-10-27 08:54:18,6c/V5,6c/V5,False,1,True,1,1,False,True,
tension,40,Persist,2020-10-27 08:57:05,7a/V6,7a/V6,True,1,True,1,1,False,True,
tension,40,One Jump,2020-10-30 07:19:01,6b/V4,6b/V4,False,1,False,1,1,False,True,
tension,40,One Jump,2020-10-30 07:19:14,6b/V4,6b/V4,False,1,True,1,1,False,True,
tension,40,Pushes and Crushes,2020-10-30 07:28:46,7a/V6,7a/V6,False,1,True,1,1,False,True,
tension,40,Pushes and Crushes,2020-10-30 22:13:22,7a/V6,7a/V6,False,1,True,1,2,True,True,
tension,40,Jumpie,2020-11-04 14:50:46,6a/V3,6b/V4,False,1,True,1,1,False,True,
tension,40,Jumpie,2020-11-04 14:51:13,6a/V3,6b/V4,False,1,False,1,1,False,True,
tension,40,Cranberry Sauce,2020-11-12 14:49:21,6b/V4,6b/V4,True,1,True,1,1,False,True,
tension,40,Selling Paper or Corruption,2020-11-12 15:07:04,7a+/V7,7a+/V7,False,1,True,1,1,False,True,
tension,40,Pushes and Crushes,2020-11-12 15:50:28,7a+/V7,7a/V6,False,1,False,1,1,False,True,
tension,40,foxy,2020-11-17 09:26:23,5a/V1,4b/V0,False,1,True,1,1,False,True,
tension,40,foxy,2020-11-17 09:26:34,5a/V1,4b/V0,False,1,False,1,1,False,True,
tension,40,ssu V2,2020-11-17 09:29:13,4a/V0,5a/V1,False,1,True,1,1,False,True,
tension,40,ssu V2,2020-11-17 09:29:21,4a/V0,5a/V1,False,1,False,1,1,False,True,
tension,40,Emperical,2020-11-17 09:32:02,5c/V2,5c/V2,False,1,False,1,1,False,True,
tension,40,HEY HAY,2020-11-17 09:38:38,6c/V5,6c/V5,True,1,True,1,1,False,True,
tension,40,HEY HAY,2020-11-17 09:41:57,6c/V5,6c/V5,True,1,False,1,1,False,True,
tension,40,Alaskan Bull Worm,2020-11-17 10:12:47,7a+/V7,7a+/V7,True,1,True,1,1,False,True,
tension,30,It's Alive!,2022-05-28 08:35:28,5c/V2,5c/V2,True,1,False,1,1,False,True,
tension,30,It's Alive!,2022-05-28 08:36:28,5c/V2,5c/V2,True,1,True,1,1,False,True,
tension,30,Getting By,2022-05-28 08:54:05,6b/V4,6b/V4,True,1,True,1,1,False,True,
tension,30,sender2,2022-05-28 08:55:58,6c/V5,6c/V5,True,1,True,1,1,False,True,
tension,30,Fear Not Of Man,2022-05-28 08:58:41,6c/V5,6c/V5,False,1,False,1,1,False,True,
tension,40,Wumbo,2022-06-07 19:31:29,7a/V6,7a/V6,True,2,False,1,2,False,True,
tension,40,Tell Your Fwends,2022-06-07 19:45:23,7a+/V7,7a+/V7,True,3,False,1,3,False,True,
tension,40,burritos,2022-06-07 20:13:59,6c/V5,6c/V5,True,1,False,1,1,False,True,
tension,40,Excelsior,2022-06-16 19:24:40,6b/V4,6b/V4,True,1,False,1,1,False,True,
tension,40,Excelsior,2022-06-16 19:26:17,6b/V4,6b/V4,True,1,True,1,1,False,True,
tension,40,Finger Circuit 1,2022-06-16 19:29:46,6c/V5,6c/V5,True,1,True,1,1,False,True,
tension,40,Tmesis,2022-06-16 19:49:37,7a+/V7,7a+/V7,False,4,True,1,4,False,True,
tension,40,Turkey Bacon,2022-06-18 11:16:17,7a+/V7,7a+/V7,True,3,False,1,3,False,True,
tension,40,Turkey Bacon,2022-06-18 11:20:29,7a+/V7,7a+/V7,True,3,True,1,3,False,True,
tension,40,bell bottoms,2022-06-27 18:51:20,6a/V3,6a/V3,True,1,False,1,1,False,True,
tension,40,Under the Brick,2022-06-27 18:58:59,6b+/V4,6b+/V4,True,1,False,1,1,False,True,
tension,40,Lion,2022-06-27 19:22:45,7b/V8,7b/V8,True,10,False,1,10,False,True,
tension,40,Holler,2022-06-30 08:22:47,6a/V3,6a/V3,True,1,False,1,1,False,True,
tension,40,Holler,2022-06-30 08:24:25,6a/V3,6a/V3,True,2,True,1,2,False,True,
tension,40,Getting By,2022-06-30 08:26:18,6b/V4,6b+/V4,True,1,True,1,1,False,True,
tension,40,Fingery,2022-06-30 16:06:20,6b/V4,6b/V4,True,1,True,1,1,False,True,
tension,40,Fingery,2022-06-30 16:06:26,6b/V4,6b/V4,True,1,False,1,1,False,True,
tension,40,Tunnels and planes,2022-07-06 19:01:24,6b+/V4,6c/V5,True,2,False,1,2,False,True,
tension,40,Dr. Anarchy,2022-07-06 19:56:17,7a+/V7,7a+/V7,False,1,True,1,1,False,True,
tension,40,Dr. Anarchy,2022-07-06 19:59:04,7a+/V7,7a+/V7,False,1,True,1,2,True,True,
tension,40,Project Campus 3,2022-07-06 20:10:25,7a/V6,7a/V6,False,9,False,1,9,False,True,
tension,40,hi there 3,2022-07-07 10:57:56,6a+/V3,6a+/V3,True,1,False,1,1,False,True,
tension,40,"~Keep on, keeping on~",2022-07-07 11:03:31,6b/V4,6b/V4,True,1,False,1,1,False,True,
tension,40,"~Keep on, keeping on~",2022-07-07 11:05:33,6b/V4,6b/V4,True,1,True,1,1,False,True,
tension,40,nomo,2022-07-07 11:16:46,6c/V5,6c/V5,False,1,True,1,1,False,True,
tension,40,We Don’t Tweet,2022-07-12 19:18:59,6b/V4,6b/V4,True,1,True,1,1,False,True,
tension,40,Gastone!,2022-07-12 19:42:33,7a+/V7,7a+/V7,False,1,False,1,1,False,True,
tension,40,Optical Illusions,2022-07-14 18:42:06,6b+/V4,6b+/V4,True,1,False,1,1,False,True,
tension,40,Optical Illusions,2022-07-14 18:46:05,6b+/V4,6b+/V4,True,1,True,1,1,False,True,
tension,40,Blue Supreme Hat,2022-07-14 19:16:01,6a/V3,6a/V3,True,1,False,1,1,False,True,
tension,40,Get Spanked,2022-07-14 19:26:47,6a/V3,6a/V3,False,1,True,2,2,True,True,
tension,40,Carbonated,2022-07-14 19:27:26,5a/V1,6a/V3,False,1,True,2,2,True,True,
tension,40,simpletonas,2022-07-14 19:27:59,6a/V3,6a/V3,True,1,True,2,2,True,True,
tension,40,trash bag better,2022-07-14 19:28:35,6a/V3,6a/V3,True,1,True,1,1,False,True,
tension,40,trash bag better,2022-07-14 19:29:23,6a/V3,6a/V3,True,1,True,1,2,True,True,
tension,40,Barron Gnasher,2022-07-21 18:34:18,7a+/V7,7a+/V7,True,2,False,1,2,False,True,
tension,40,Yard Boss,2022-11-03 19:07:46,6a/V3,6a/V3,False,1,False,1,1,False,True,
tension,40,frackleee!!,2022-11-29 20:45:47,7b/V8,7b/V8,False,37,True,1,37,False,True,
tension,30,Cradle to the Grave,2022-12-06 19:55:41,6c+/V5,6c+/V5,False,3,False,1,3,False,True,
tension,30,Cradle to the Grave,2022-12-06 20:00:22,6c+/V5,6c+/V5,False,2,True,1,2,False,True,
tension,40,donkey puncher,2022-12-09 17:59:53,7b/V8,7b/V8,False,3,False,1,3,False,True,
tension,35,SeeSee,2022-12-10 17:22:45,7a+/V7,7a+/V7,False,1,False,1,1,False,True,
tension,35,foxy lady 2.0,2022-12-10 17:23:17,7a+/V7,7a+/V7,False,1,False,1,1,False,True,
tension,35,Harder than it looks,2022-12-10 17:30:36,7b/V8,7b/V8,False,1,False,1,1,False,True,
tension,45,Punch Pinch,2023-01-22 16:39:16,7a/V6,7a/V6,True,1,False,1,1,False,True,
tension,45,Dustbusters,2023-01-22 17:01:40,7b/V8,7b/V8,True,1,False,1,1,False,True,
tension,40,Big Fish,2023-01-30 19:24:54,6a/V3,6a/V3,True,1,False,1,1,False,True,
tension,40,Big Fish,2023-01-30 19:26:14,6a/V3,6a/V3,True,1,True,1,1,False,True,
tension,40,Legion,2023-01-30 19:30:49,6c/V5,6c/V5,True,3,True,1,3,False,True,
tension,40,Legion,2023-01-30 19:32:48,6c/V5,6c/V5,True,1,False,1,1,False,True,
tension,40,come thru fam,2023-02-01 19:26:05,6b/V4,6b/V4,True,1,False,1,1,False,True,
tension,40,come thru fam,2023-02-01 19:27:38,6b/V4,6b/V4,True,1,True,1,1,False,True,
tension,40,Power Warm Up,2023-02-01 19:29:02,6c/V5,6c/V5,True,1,True,1,1,False,True,
tension,40,Power Warm Up,2023-02-01 19:30:31,6c/V5,6c/V5,True,1,False,1,1,False,True,
tension,40,Brick Leap,2023-02-01 19:55:19,7b/V8,7b/V8,True,10,False,1,10,False,True,It was hard for me
tension,40,cookies and cream,2023-02-21 19:18:22,6b/V4,6b/V4,True,1,True,1,1,False,True,
tension,40,cookies and cream,2023-02-21 19:20:32,6b/V4,6b/V4,True,1,False,1,1,False,True,
tension,40,Big Pinch Laps,2023-02-21 19:32:41,6b/V4,6b/V4,True,1,False,1,1,False,True,
tension,40,Lift Kit,2023-02-21 19:36:53,6a/V3,6a/V3,True,1,False,1,1,False,True,
tension,40,Lift Kit,2023-02-21 19:38:25,6a/V3,6a/V3,True,1,True,1,1,False,True,
tension,40,"God damn, Roxanne",2023-02-21 19:40:16,6c/V5,6c/V5,True,1,True,1,1,False,True,
tension,40,"God damn, Roxanne",2023-02-21 19:42:26,6c/V5,6c/V5,True,1,False,1,1,False,True,
tension,40,on-sight plus,2023-02-21 19:47:52,6c/V5,6c/V5,True,1,False,1,1,False,True,
tension,40,on-sight plus,2023-02-21 19:49:43,6c/V5,6c/V5,True,1,True,1,1,False,True,
tension,50,RainDay EveryDay,2023-02-25 15:09:30,5c/V2,5c/V2,False,4,False,1,4,False,True,
tension,50,Slow is Flowing,2023-02-25 15:14:17,5c/V2,5c/V2,False,1,True,1,1,False,True,
tension,50,Slow is Flowing,2023-02-25 15:18:33,5c/V2,5c/V2,False,1,True,1,2,True,True,
tension,50,Dull Scissors,2023-02-25 15:27:46,6b/V4,6b/V4,False,1,False,1,1,False,True,
tension,50,Dull Scissors,2023-02-25 15:29:41,6b/V4,6b/V4,False,1,True,1,1,False,True,
tension,50,Flat White and Avocado Toast,2023-02-25 15:35:00,6c/V5,6c/V5,False,2,True,1,2,False,True,
tension,50,just joshing around,2023-02-25 15:45:11,6b+/V4,6b+/V4,False,1,False,1,1,False,True,
tension,50,just joshing around,2023-02-25 15:47:29,6b+/V4,6b+/V4,False,1,True,1,1,False,True,
tension,35,Foles Gold,2023-03-09 18:10:11,6a/V3,6a/V3,True,2,False,1,2,False,True,
tension,35,Big Pinch Pinchin',2023-03-09 18:15:29,6b+/V4,6b+/V4,True,1,True,1,1,False,True,
tension,35,Tina the Llama,2023-03-09 18:20:14,6c/V5,6c/V5,False,1,False,1,1,False,True,
tension,40,Spaghetti Noodles,2023-03-12 14:43:19,6a/V3,6a/V3,True,1,True,1,1,False,True,
tension,40,Spaghetti Noodles,2023-03-12 14:43:23,6a/V3,6a/V3,True,1,False,1,1,False,True,
tension,40,Z E L D A W A V E,2023-03-12 14:51:21,6c/V5,6c/V5,True,1,False,1,1,False,True,
tension,40,Z E L D A W A V E,2023-03-12 14:53:33,6c/V5,6c/V5,True,1,True,1,1,False,True,
tension,40,year of the shoulder 1,2023-03-12 15:01:47,6c/V5,6c/V5,True,1,True,1,1,False,True,
tension,40,year of the shoulder 1,2023-03-12 15:04:36,6c/V5,6c/V5,True,1,False,1,1,False,True,
tension,40,Monkey Business,2023-03-12 15:15:37,6b/V4,6b/V4,False,1,False,1,1,False,True,
tension,40,Monkey Business,2023-03-12 15:16:51,6b/V4,6b/V4,False,1,True,1,1,False,True,
tension,35,the warmup,2023-03-21 18:58:09,5c/V2,5c/V2,True,1,False,1,1,False,True,
tension,35,the warmup,2023-03-21 18:59:51,5c/V2,5c/V2,True,1,True,1,1,False,True,
tension,35,Getting By,2023-03-21 19:01:22,6b/V4,6b/V4,True,1,True,1,1,False,True,
tension,35,Getting By,2023-03-21 19:02:48,6b/V4,6b/V4,True,1,False,1,1,False,True,
tension,35,sender2,2023-03-21 19:04:57,6c/V5,6c/V5,False,1,False,1,1,False,True,
tension,35,sender2,2023-03-21 19:07:07,6c/V5,6c/V5,False,1,True,1,1,False,True,
tension,35,GOODBAD,2023-03-21 19:26:26,6c/V5,6c/V5,False,1,False,1,1,False,True,
tension,35,GOODBAD,2023-03-21 19:29:13,6c/V5,6c/V5,False,1,True,1,1,False,True,
tension,35,Real good,2023-03-21 19:38:02,6b/V4,6b/V4,True,1,False,1,1,False,True,
tension,35,Real good,2023-03-21 19:40:01,6b/V4,6b/V4,True,1,True,1,1,False,True,
tension,35,Captain Tight Pants,2023-04-04 20:59:42,6b/V4,6b/V4,False,1,True,1,1,False,True,
tension,35,Captain Tight Pants,2023-04-04 21:01:37,6b/V4,6b/V4,False,1,False,1,1,False,True,
tension,30,Big Pinch Pinchin',2023-04-14 19:16:24,6b/V4,6b+/V4,True,1,True,1,1,False,True,
tension,30,be stronger,2023-04-14 19:27:56,7a/V6,7a/V6,False,1,True,1,1,False,True,
tension,30,be stronger,2023-04-14 19:31:44,7a/V6,7a/V6,False,1,False,1,1,False,True,
tension,30,Legion,2023-04-14 19:47:08,6c/V5,6c/V5,True,1,False,1,1,False,True,
tension,40,Reach for the skyyyy,2023-05-03 19:53:56,5c/V2,5c/V2,False,1,False,1,1,False,True,
tension,40,Reach for the skyyyy,2023-05-03 19:55:20,5c/V2,5c/V2,False,1,True,1,1,False,True,
tension,40,Bumble,2023-05-03 19:58:10,6a/V3,6a/V3,True,1,True,1,1,False,True,
tension,40,Jiggles,2023-05-03 20:05:24,6a/V3,6b/V4,True,1,False,1,1,False,True,
tension,40,Villan,2023-05-03 20:07:33,6b/V4,6b/V4,True,1,False,2,2,True,True,
tension,40,Protector of the Skinny Dog,2023-05-03 20:14:37,7a/V6,7a/V6,True,1,True,1,1,False,True,
tension,40,drizzle frizzle,2023-05-03 20:23:33,7a/V6,7a/V6,True,1,True,1,1,False,True,
tension,40,drizzle frizzle,2023-05-03 20:28:00,7a/V6,7a/V6,True,1,False,1,1,False,True,
tension,40,Pillars of Creation,2023-05-03 20:44:53,7a/V6,7a/V6,True,5,False,1,5,False,True,Super good! 
tension,40,Protector of the Skinny Dog,2023-05-09 19:34:21,7a/V6,7a/V6,True,1,True,2,2,True,True,
tension,30,Za pinch,2023-05-11 19:15:35,6c/V5,6c/V5,False,1,False,1,1,False,True,
tension,30,Za pinch,2023-05-11 19:17:59,6c/V5,6c/V5,False,1,True,1,1,False,True,
tension,35,Bubbles,2023-05-16 19:13:09,6a/V3,6a+/V3,True,1,False,1,1,False,True,
tension,35,Bubbles,2023-05-16 19:14:38,6a/V3,6a+/V3,True,1,True,1,1,False,True,
tension,35,No Brunch for this Bunch,2023-05-16 19:20:48,6b/V4,6b/V4,True,1,False,1,1,False,True,
tension,35,When Crimps Learn To Whistle,2023-05-16 19:23:28,6c/V5,6c/V5,False,1,False,1,1,False,True,
tension,35,When Crimps Learn To Whistle,2023-05-16 19:25:31,6c/V5,6c/V5,False,1,True,1,1,False,True,
tension,35,real love baby,2023-05-16 19:40:33,7a/V6,7a/V6,False,3,True,1,3,False,True,
tension,35,real love baby,2023-05-16 19:43:01,7a/V6,7a/V6,False,1,False,1,1,False,True,
tension,40,When Crimps Learn To Whistle,2023-05-24 19:50:33,6c+/V5,6c+/V5,True,1,False,1,1,False,True,
tension,40,sender2,2023-05-24 20:00:19,6c/V5,6c/V5,True,1,True,1,1,False,True,
tension,40,Pythagoras and the Boys,2023-05-24 20:08:21,6c/V5,6c/V5,False,1,True,1,1,False,True,
tension,40,weightTrainer2,2023-05-24 20:32:10,6c+/V5,6c+/V5,True,1,True,1,1,False,True,
tension,40,weightTrainer2,2023-05-24 20:34:53,6c+/V5,6c+/V5,True,1,False,1,1,False,True,
tension,40,Whos inSpired now,2023-06-01 19:14:04,6a/V3,6a/V3,False,1,False,1,1,False,True,
tension,40,Whos inSpired now,2023-06-01 19:15:49,6a/V3,6a/V3,False,1,True,1,1,False,True,
tension,40,BOI,2023-06-01 19:22:43,6c/V5,6c/V5,True,1,True,1,1,False,True,
tension,40,BOI,2023-06-01 19:24:39,6c/V5,6c/V5,True,1,False,1,1,False,True,
tension,40,godzilla,2023-06-01 20:12:23,7a+/V7,7a+/V7,False,8,True,1,8,False,True,
tension,40,godzilla,2023-06-01 20:12:41,7a+/V7,7a+/V7,False,1,False,1,1,False,True,
tension,35,Switching Places,2023-06-07 18:23:21,5c/V2,5c/V2,True,1,True,1,1,False,True,
tension,35,Switching Places,2023-06-07 18:23:26,5c/V2,5c/V2,True,1,False,1,1,False,True,
tension,35,Holler,2023-06-07 18:25:02,6a/V3,6a/V3,True,1,False,1,1,False,True,
tension,35,Holler,2023-06-07 18:27:12,6a/V3,6a/V3,True,1,True,1,1,False,True,
tension,35,FIYAH!,2023-06-07 18:28:47,6b/V4,6b/V4,True,1,True,1,1,False,True,
tension,35,FIYAH!,2023-06-07 18:30:10,6b/V4,6b/V4,True,1,False,1,1,False,True,
tension,35,Goo Lagoon,2023-06-07 18:32:16,7a/V6,7a/V6,False,1,False,1,1,False,True,
tension,35,Goo Lagoon,2023-06-07 18:33:56,7a/V6,7a/V6,False,1,True,1,1,False,True,
tension,35,Guerrilla Glue,2023-06-07 18:42:40,7a+/V7,7a+/V7,False,2,True,1,2,False,True,
tension,35,New Beginning,2023-06-12 18:53:42,4b/V0,4b/V0,False,2,False,1,2,False,True,
tension,35,New Beginning,2023-06-12 18:54:35,4b/V0,4b/V0,False,1,True,1,1,False,True,
tension,35,Just Dance with Me,2023-06-12 18:56:00,6a/V3,6a/V3,True,1,True,1,1,False,True,
tension,35,Just Dance with Me,2023-06-12 18:57:26,6a/V3,6a/V3,True,1,False,1,1,False,True,
tension,35,Steel Drum,2023-06-12 18:59:58,6a/V3,6a/V3,True,1,True,1,1,False,True,
tension,35,Steel Drum,2023-06-12 19:00:00,6a/V3,6a/V3,True,1,False,1,1,False,True,
tension,35,No Brunch for this Bunch,2023-06-12 19:01:47,6b/V4,6b/V4,True,1,False,2,2,True,True,
tension,35,No Brunch for this Bunch,2023-06-12 19:01:50,6b/V4,6b/V4,True,1,True,1,1,False,True,
tension,40,Cranberry Sauce,2023-06-15 19:03:03,6b/V4,6b/V4,True,1,False,1,1,False,True,
tension,40,bigfun - short board edit,2023-06-15 19:04:28,6a+/V3,6a+/V3,True,1,False,1,1,False,True,
tension,40,bigfun - short board edit,2023-06-15 19:05:45,6a+/V3,6a+/V3,True,1,True,1,1,False,True,
tension,40,Tunnels and planes,2023-06-15 19:08:27,6b+/V4,6c/V5,True,1,False,2,3,True,True,
tension,40,Go get it!,2023-06-15 19:10:56,6b/V4,6b/V4,False,1,False,1,1,False,True,
tension,40,Go get it!,2023-06-15 19:11:02,6b/V4,6b/V4,False,1,True,1,1,False,True,
tension,40,A Nod of Hope,2023-06-15 19:19:27,6c+/V5,6c+/V5,False,3,False,1,3,False,True,
tension,40,undercling crux,2023-06-15 19:56:00,7a/V6,7a/V6,True,1,False,1,1,False,True,
tension,40,undercling crux,2023-06-15 19:57:41,7a/V6,7a/V6,True,1,True,1,1,False,True,
tension,40,Go Figure,2023-06-20 18:55:52,5a/V1,5a/V1,True,1,False,1,1,False,True,
tension,40,Go Figure,2023-06-20 18:57:20,5a/V1,5a/V1,True,1,True,1,1,False,True,
tension,40,Ninja Nasty,2023-06-20 18:59:33,6a/V3,6a/V3,False,1,True,1,1,False,True,
tension,40,Pinchy V3,2023-06-20 19:01:55,6a/V3,6a/V3,True,1,False,1,1,False,True,
tension,40,Pinchy V3,2023-06-20 19:03:50,6a/V3,6a/V3,True,1,True,1,1,False,True,
tension,40,Villan,2023-06-20 19:06:45,6b/V4,6b/V4,True,1,True,1,1,False,True,
tension,40,Stunlocked,2023-06-20 19:10:54,6b+/V4,6b+/V4,True,1,False,1,1,False,True,
tension,40,Stunlocked,2023-06-20 19:16:54,6b+/V4,6b+/V4,True,1,False,1,2,True,True,
tension,40,Fresh Hell,2023-06-20 19:23:35,7a+/V7,7a+/V7,True,2,False,1,2,False,True,
tension,40,We Scream Like Eagles,2023-06-25 14:22:25,6c/V5,6c/V5,True,1,False,1,1,False,True,
tension,40,We Scream Like Eagles,2023-06-25 14:24:32,6c/V5,6c/V5,True,1,True,1,1,False,True,
tension,40,Coalwood,2023-06-25 14:45:00,7b/V8,7b/V8,True,12,True,1,12,False,True,
tension,40,Coalwood,2023-06-25 14:59:07,7b/V8,7b/V8,True,1,False,1,1,False,True,
tension,40,Tina the Llama,2023-06-25 15:09:01,6c+/V5,6c+/V5,True,1,False,1,1,False,True,
tension,40,Shmee 2,2023-08-10 00:00:00,,6a+/V3,True,1,False,1,1,False,False,
tension,40,Gaston to Gaston,2023-08-10 18:39:04,6a/V3,6a/V3,True,1,False,1,1,False,True,
tension,40,Gaston to Gaston,2023-08-10 18:40:53,6a/V3,6a/V3,True,1,False,1,2,True,True,
tension,40,Gaston to Gaston,2023-08-10 18:40:59,6a/V3,6a/V3,True,1,True,1,1,False,True,
tension,40,mothra,2023-08-10 18:54:25,6c/V5,6c/V5,True,1,False,1,1,False,True,
tension,40,Stunlocked,2023-08-10 18:56:16,6b+/V4,6b+/V4,True,1,False,2,3,True,True,
tension,40,gingers have souls too,2023-08-10 19:07:05,6b/V4,6b/V4,True,1,False,1,1,False,True,
tension,40,gingers have souls too,2023-08-10 19:07:56,6b/V4,6b/V4,True,1,True,1,1,False,True,
tension,40,Jumpier,2023-08-10 19:18:18,6a+/V3,6a+/V3,True,1,False,1,1,False,True,
tension,40,Flowjob,2023-08-12 13:37:15,6b/V4,6b/V4,True,1,False,1,1,False,True,
tension,40,When Crimps Learn To Whistle,2023-08-12 13:43:54,6c+/V5,6c+/V5,True,1,True,1,1,False,True,
tension,40,Stunlocked,2023-08-24 20:52:30,6b+/V4,6b+/V4,True,1,True,1,1,False,True,
tension,40,The Great Leaping Mastiff,2023-08-28 19:44:19,6a/V3,6a/V3,False,1,False,1,1,False,True,
tension,40,The Great Leaping Mastiff,2023-08-28 19:46:04,6a/V3,6a/V3,False,1,True,1,1,False,True,
tension,40,I’m Squanching In Here,2023-08-28 19:49:33,6b+/V4,6b+/V4,True,2,True,1,2,False,True,Great one. Messed up the correct beta and blew the flash. 
tension,40,I’m Squanching In Here,2023-08-28 19:51:15,6b+/V4,6b+/V4,True,1,False,1,1,False,True,
tension,40,Big Pinch Pinchin',2023-08-28 20:01:21,6c/V5,6c/V5,True,8,False,1,8,False,True,
tension,40,Big Pinch Pinchin',2023-08-28 20:05:09,6c/V5,6c/V5,True,1,True,1,1,False,True,
tension,40,Rip the jug,2023-08-28 20:33:16,7a/V6,7a/V6,True,4,True,1,4,False,True,
tension,40,WAYNE,2023-09-05 20:14:45,7a+/V7,7a+/V7,True,1,True,1,1,False,True,Really good! 
tension,40,WAYNE,2023-09-05 20:19:28,7a+/V7,7a+/V7,True,1,False,1,1,False,True,
tension,40,Blue Pill,2023-09-05 20:39:16,7a/V6,7a/V6,True,2,False,1,2,False,True,
tension,40,Blue Pill,2023-09-05 20:41:11,7a/V6,7a/V6,True,1,True,1,1,False,True,
tension,30,Chocolate Strawberry Banana,2023-09-09 17:56:07,7b/V8,7b/V8,False,1,False,1,1,False,True,
tension,30,Chocolate Strawberry Banana,2023-09-09 18:02:25,7b/V8,7b/V8,False,1,True,1,1,False,True,
tension,40,Blackout Lite,2023-09-18 19:32:14,7a+/V7,7a+/V7,True,1,False,1,1,False,True,
tension,40,Blackout Lite,2023-09-18 19:35:00,7a+/V7,7a+/V7,True,1,True,1,1,False,True,
tension,40,The Beginnings,2023-09-24 08:14:10,5b/V1,6a/V3,False,1,False,1,1,False,True,
tension,40,All Plastic,2023-09-24 08:17:14,5a/V1,5a/V1,True,1,True,1,1,False,True,
tension,40,Further,2023-09-24 08:18:12,5c/V2,5c/V2,True,1,True,1,1,False,True,
tension,40,Prime,2023-09-24 08:21:37,5c/V2,5c/V2,True,1,True,1,1,False,True,
tension,40,Sherman,2023-09-24 08:23:26,6a/V3,6a/V3,True,1,True,1,1,False,True,
tension,40,Dancing in the Moonlight,2023-09-24 08:26:25,6b/V4,6b/V4,True,2,True,1,2,False,True,
tension,40,love is an open door.,2023-09-24 08:29:25,6c/V5,6c/V5,True,1,True,1,1,False,True,
tension,40,Incarnate,2023-09-24 08:36:50,7a/V6,7a/V6,True,3,True,1,3,False,True,
tension,40,We’re back!,2024-01-28 12:19:13,6c+/V5,6c+/V5,True,1,False,1,1,False,True,
tension,40,Get Tight,2024-01-28 12:25:40,7a/V6,7a/V6,True,1,False,1,1,False,True,
tension,40,In Exile,2024-01-28 12:37:09,7a/V6,7a/V6,False,1,False,1,1,False,True,Should be a classic! 
tension,40,Doesn't Span,2024-03-19 18:03:36,6c/V5,6c/V5,False,1,False,1,1,False,True,
tension,40,Putty,2024-03-25 17:29:28,5c/V2,5c/V2,True,1,False,1,1,False,True,
tension,40,Putty,2024-03-25 17:30:33,5c/V2,5c/V2,True,1,True,1,1,False,True,
tension,40,Masquerade,2024-03-25 17:33:22,6a/V3,6a/V3,True,1,True,1,1,False,True,
tension,40,Masquerade,2024-03-25 17:36:20,6a/V3,6a/V3,True,1,False,1,1,False,True,
tension,40,hop scotch,2024-03-25 17:37:40,6b/V4,6b/V4,True,1,False,1,1,False,True,
tension,40,Poseidon,2024-03-25 17:40:38,6c/V5,6c/V5,True,1,False,1,1,False,True,
tension,40,Guided By Angels,2024-03-25 17:43:57,6c+/V5,6c+/V5,True,1,True,1,1,False,True,
tension,40,123 Jump Street,2024-03-25 17:47:09,6b+/V4,6b+/V4,False,4,False,1,4,False,True,
tension,40,anvil drop,2024-03-25 17:50:48,6c+/V5,6c+/V5,False,1,False,1,1,False,True,
tension,40,"Et Tu, Brutus?",2024-03-25 17:59:13,7a/V6,7a/V6,True,1,False,1,1,False,True,
tension,40,Center Piece,2024-03-25 18:06:11,7a+/V7,7a+/V7,True,1,False,1,1,False,True,
tension,40,Center Piece,2024-03-25 18:06:23,7a+/V7,7a+/V7,True,1,False,1,2,True,True,
tension,40,shark tooth,2024-03-25 18:09:40,7a/V6,7a/V6,True,1,False,1,1,False,True,
tension,40,shark tooth,2024-03-25 18:13:55,7a/V6,7a/V6,True,1,True,1,1,False,True,
tension,40,Ended,2024-03-25 18:16:12,6c/V5,6c/V5,True,1,True,1,1,False,True,
tension,40,Ended,2024-03-25 18:16:25,6c/V5,6c/V5,True,1,True,1,2,True,True,
tension,40,Migraine,2024-03-25 18:26:15,6b+/V4,6b+/V4,True,1,True,1,1,False,True,
tension,40,Migraine,2024-03-25 18:26:17,6b+/V4,6b+/V4,True,1,False,1,1,False,True,
tension,40,Migraine,2024-03-25 18:26:40,6b+/V4,6b+/V4,True,1,False,1,2,True,True,
tension,40,All Plastic,2024-04-08 17:26:09,5a/V1,5a/V1,True,1,False,1,1,False,True,
tension,40,Dear John,2024-04-08 17:27:21,5c/V2,5c/V2,True,1,False,1,1,False,True,
tension,40,Sherman,2024-04-08 17:29:17,6a/V3,6a/V3,True,1,False,1,1,False,True,
tension,40,Thunderstruck,2024-04-08 17:31:32,6b/V4,6b/V4,True,1,False,1,1,False,True,
tension,40,Qualms,2024-04-08 18:15:16,7a/V6,7a/V6,True,1,False,1,1,False,True,
tension,40,Touch Off,2024-04-08 18:18:36,6c+/V5,6c+/V5,True,1,False,1,1,False,True,
tension,40,Back in the Day,2024-04-08 18:21:54,6b/V4,6b/V4,True,1,False,1,1,False,True,
tension,40,Doomscroll,2024-04-15 17:22:10,4c/V0,4c/V0,True,1,False,1,1,False,True,
tension,40,Watermelon,2024-04-15 17:23:23,5a/V1,5a/V1,True,1,True,1,1,False,True,
tension,40,"14,000 Minutes",2024-04-15 17:24:30,5c/V2,5c/V2,True,1,True,1,1,False,True,
tension,40,Catastrophe,2024-04-15 17:30:45,6c+/V5,6c+/V5,True,1,True,1,1,False,True,
tension,40,Thunderhead,2024-04-15 17:33:29,7a/V6,7a/V6,True,1,True,1,1,False,True,
tension,40,Love Illumination,2024-04-15 17:38:38,6b/V4,6b/V4,True,1,True,1,1,False,True,
tension,40,Birth of the Dragon,2024-04-15 17:49:25,7a+/V7,7a+/V7,True,1,True,1,1,False,True,
tension,40,Honest One,2024-04-15 18:15:51,7a+/V7,7a+/V7,True,1,False,1,1,False,True,
tension,40,Dice Master,2024-04-15 18:17:54,7a/V6,7a/V6,True,1,True,1,1,False,True,
tension,40,Thunderhead,2024-04-15 18:21:00,7a/V6,7a/V6,True,1,False,1,1,False,True,
tension,40,Deepcouch,2024-04-15 18:25:13,6c+/V5,6c+/V5,True,1,False,1,1,False,True,
tension,40,The Glass Bridge,2024-04-15 18:26:17,6b/V4,6b/V4,True,1,False,1,1,False,True,
tension,40,Watermelon,2024-04-17 17:19:58,5a/V1,5a/V1,True,1,False,1,1,False,True,
tension,40,You Look Great Today,2024-04-17 17:23:12,6a/V3,6a/V3,True,1,True,1,1,False,True,
tension,40,Dancing in the Moonlight,2024-04-17 17:26:13,6b/V4,6b/V4,True,1,False,1,1,False,True,
tension,40,The Meteorite is Coming,2024-04-17 18:03:57,7a+/V7,7a+/V7,True,1,True,1,1,False,True,
tension,40,Layaway,2024-04-17 18:45:56,7b/V8,7b/V8,True,1,False,1,1,False,True,
tension,40,Layaway,2024-04-17 18:50:18,7b/V8,7b/V8,True,1,True,1,1,False,True,
tension,40,Brothers of Metal,2024-04-17 19:04:01,6b+/V4,6b+/V4,True,1,True,1,1,False,True,
tension,40,My Own Worst Enemy,2024-04-26 17:33:22,5a/V1,5a/V1,True,1,False,1,1,False,True,
tension,40,Subsonic,2024-04-26 17:34:58,6a/V3,6a/V3,True,1,False,1,1,False,True,
tension,40,Spiral Staircase,2024-04-26 17:37:49,6b/V4,6b/V4,True,1,False,1,1,False,True,
tension,40,Guided By Angels,2024-04-26 17:39:47,6c+/V5,6c+/V5,True,1,False,1,1,False,True,
tension,40,Chop Suey!,2024-04-26 17:44:15,7a/V6,7a/V6,True,1,False,1,1,False,True,
tension,40,Rack City,2024-04-26 18:03:40,7b/V8,7b/V8,True,1,True,1,1,False,True,
tension,40,Literally Licorice,2024-04-26 18:32:24,7b+/V8,7b+/V8,True,1,False,1,1,False,True,
tension,40,The Meteorite is Coming,2024-04-26 18:40:51,7a+/V7,7a+/V7,True,1,False,1,1,False,True,
tension,40,We’re back!,2024-04-26 18:45:14,6c+/V5,6c+/V5,True,1,True,1,1,False,True,
tension,40,Dear John,2024-04-30 17:19:27,5c/V2,5c/V2,True,1,True,1,1,False,True,
tension,40,Extra Delay,2024-04-30 17:35:14,6c/V5,6c/V5,True,1,False,1,1,False,True,
tension,40,Qualms,2024-04-30 17:38:06,7a/V6,7a/V6,True,1,False,2,2,True,True,
tension,40,Qualms,2024-04-30 17:43:22,7a/V6,7a/V6,True,1,True,1,1,False,True,
tension,40,Honest One,2024-04-30 18:05:11,7a+/V7,7a+/V7,True,1,True,1,1,False,True,
tension,40,Skypager,2024-05-06 17:14:15,4c/V0,4c/V0,True,1,False,1,1,False,True,
tension,40,My Own Worst Enemy,2024-05-06 17:15:10,5a/V1,5a/V1,True,1,True,1,1,False,True,
tension,40,Vindicated,2024-05-06 17:17:12,5c/V2,5c/V2,True,1,True,1,1,False,True,
tension,40,Llama Chips,2024-05-06 17:19:07,6a+/V3,6a+/V3,True,1,True,1,1,False,True,
tension,40,The Glass Bridge,2024-05-06 17:23:36,6b/V4,6b/V4,True,1,True,1,1,False,True,
tension,40,More Like It,2024-05-06 17:25:47,6c/V5,6c/V5,True,1,True,1,1,False,True,
tension,40,"Et Tu, Brutus?",2024-05-06 17:33:53,7a/V6,7a/V6,True,1,True,1,1,False,True,
tension,40,Heel Me Baby One More Time,2024-05-06 17:45:03,7a+/V7,7a+/V7,True,1,True,1,1,False,True,
tension,40,Christmas Lights,2024-05-13 17:22:06,5c/V2,5c/V2,True,1,False,1,1,False,True,
tension,40,Cocoa,2024-05-13 17:24:33,6a+/V3,6a+/V3,True,1,False,1,1,False,True,
tension,40,Cocoa Butter,2024-05-13 17:28:46,6b/V4,6b/V4,True,1,True,1,1,False,True,
tension,40,Cocoa Butter,2024-05-13 17:30:21,6b/V4,6b/V4,True,1,False,1,1,False,True,
tension,40,Boat Float,2024-05-13 17:38:19,6c/V5,6c/V5,True,1,False,1,1,False,True,
tension,40,Factor Analysis,2024-05-13 18:06:57,7a+/V7,7a+/V7,True,1,True,1,1,False,True,
tension,40,Here It Goes Again,2024-05-17 17:21:51,5c/V2,5c/V2,True,1,False,1,1,False,True,
tension,40,Sober,2024-05-17 17:27:44,6b/V4,6b/V4,True,1,False,1,1,False,True,
tension,40,Mothership Connection,2024-05-17 17:30:16,6c+/V5,6c+/V5,True,1,False,1,1,False,True,
tension,40,Dust Storm,2024-05-17 17:34:30,7a/V6,7a/V6,True,1,False,1,1,False,True,
tension,40,Chop Suey!,2024-05-17 18:55:27,7a/V6,7a/V6,True,1,True,1,1,False,True,
tension,40,Sequence,2024-05-20 17:14:59,5c/V2,5c/V2,True,1,False,1,1,False,True,
tension,40,Wingtips,2024-05-20 17:18:33,6a+/V3,6a+/V3,True,1,False,1,1,False,True,
tension,40,Endearing,2024-05-20 17:20:06,6b+/V4,6b+/V4,True,1,False,1,1,False,True,
tension,40,Subsonic,2024-05-20 17:21:54,6a/V3,6a/V3,True,1,True,1,1,False,True,
tension,40,Deepcouch,2024-05-20 17:24:24,6c+/V5,6c+/V5,True,1,True,1,1,False,True,
tension,40,Frank The Viking,2024-05-20 17:39:42,7a+/V7,7a+/V7,True,1,True,1,1,False,True,
tension,40,Slow Down,2024-05-23 17:16:52,5a/V1,5a/V1,True,1,False,1,1,False,True,
tension,40,Starships Were Meant to Fly,2024-05-23 17:19:08,6a+/V3,6a+/V3,True,1,False,1,1,False,True,
tension,40,Woody Allen,2024-05-23 17:23:57,6b+/V4,6b+/V4,True,1,False,1,1,False,True,
tension,40,Love Illumination,2024-05-23 17:26:07,6b/V4,6b/V4,True,1,False,1,1,False,True,
tension,40,Optical,2024-05-23 17:30:38,6c/V5,6c/V5,True,1,False,1,1,False,True,
tension,40,Teenagers Scare the Living,2024-05-23 17:54:33,7b/V8,7b/V8,True,1,True,1,1,False,True,
tension,40,Rack City,2024-05-23 18:33:25,7b/V8,7b/V8,True,1,False,1,1,False,True,
tension,40,Millstream,2024-05-23 18:52:14,7a+/V7,7a+/V7,True,1,False,1,1,False,True,
tension,40,Optical,2024-05-23 18:55:03,6c/V5,6c/V5,True,1,True,1,1,False,True,
tension,40,Zone,2024-05-31 17:26:56,5a/V1,5a/V1,True,1,False,1,1,False,True,
tension,40,Control For Smilers,2024-05-31 17:28:22,5b/V1,5b/V1,True,1,False,1,1,False,True,
tension,40,Mudshovel,2024-05-31 17:30:56,5c/V2,5c/V2,True,1,False,1,1,False,True,
tension,40,Mudshovel,2024-05-31 17:31:01,5c/V2,5c/V2,True,1,False,1,2,True,True,
tension,40,Cocoa,2024-05-31 17:34:30,6a+/V3,6a+/V3,True,1,True,1,1,False,True,
tension,40,Woody Allen,2024-05-31 17:43:26,6b+/V4,6b+/V4,True,1,True,1,1,False,True,
tension,40,Constraint,2024-05-31 17:55:17,6c/V5,6c/V5,True,1,False,1,1,False,True,
tension,40,Zone,2024-06-04 17:40:21,5a/V1,5a/V1,True,1,True,1,1,False,True,
tension,40,Spiral Staircase,2024-06-04 17:42:03,6b/V4,6b/V4,True,1,True,1,1,False,True,
tension,40,Return Flight,2024-06-04 17:47:39,6b+/V4,6b+/V4,True,1,True,1,1,False,True,
tension,40,Extra Delay,2024-06-04 17:50:52,6c/V5,6c/V5,True,1,True,1,1,False,True,
tension,40,Extra Delay,2024-06-04 17:50:58,6c/V5,6c/V5,True,1,True,1,2,True,True,
tension,40,Sold Out,2024-06-04 17:54:02,7a+/V7,7a+/V7,True,1,True,1,1,False,True,
tension,40,my first step,2024-06-04 18:27:50,7a/V6,7a/V6,False,1,True,1,1,False,True,
tension,40,Constant Sleep,2024-06-04 18:55:17,7a+/V7,7a+/V7,True,1,False,1,1,False,True,
tension,40,Sleepless Roads,2024-06-06 17:17:38,5c/V2,5c/V2,False,1,False,1,1,False,True,
tension,40,Hold Your Horses,2024-06-06 17:20:47,6a/V3,6a/V3,False,1,False,1,1,False,True,
tension,40,Fuel Economy,2024-06-06 17:23:56,6b/V4,6b/V4,False,1,False,1,1,False,True,
tension,40,Sweetness,2024-06-06 17:25:36,6b/V4,6b/V4,False,1,False,1,1,False,True,
tension,40,No Hill to Die On,2024-06-06 18:17:07,7b/V8,7b/V8,True,1,False,1,1,False,True,
tension,40,Last Friday Night,2024-06-06 18:42:49,7a+/V7,7a+/V7,True,1,False,1,1,False,True,
tension,40,The Shining,2024-06-06 18:51:33,7a/V6,7a/V6,False,1,True,1,1,False,True,
tension,40,Wayward Son,2024-06-09 12:18:38,5a/V1,5a/V1,True,1,False,1,1,False,True,
tension,40,Everyday Struggle,2024-06-09 12:20:11,6a+/V3,6a+/V3,False,1,False,1,1,False,True,
tension,40,Heel Meal,2024-06-09 12:23:02,6a/V3,6a/V3,False,1,False,1,1,False,True,
tension,40,Ratchet,2024-06-09 12:29:41,7a/V6,7a/V6,False,1,False,1,1,False,True,
tension,40,A Jazzy Christmas,2024-06-09 12:34:10,7a/V6,7a/V6,True,1,False,1,1,False,True,
tension,40,Banana Peel,2024-06-09 12:53:00,7a+/V7,7a+/V7,True,1,False,1,1,False,True,
tension,40,Swamp Azz,2024-06-09 14:02:48,7a+/V7,7a+/V7,True,1,True,1,1,False,True,
tension,40,slingshot!,2024-06-09 14:06:58,7a/V6,7a/V6,False,1,True,1,1,False,True,
tension,40,Chromazone,2024-06-12 17:30:21,6a/V3,6a/V3,False,1,False,1,1,False,True,
tension,40,(c) underling,2024-06-12 17:31:47,6a/V3,6a/V3,False,1,False,1,1,False,True,
tension,40,Psycho Killer,2024-06-12 17:33:21,6b+/V4,6b+/V4,False,1,False,1,1,False,True,
tension,40,Squeegee,2024-06-12 17:34:59,6c/V5,6c/V5,True,1,False,1,1,False,True,
tension,40,Sawmill,2024-06-12 17:39:49,7a/V6,7a/V6,True,1,False,1,1,False,True,
tension,40,Words I’ve Never Said,2024-06-12 17:44:16,7b/V8,7b/V8,True,1,False,1,1,False,True,
tension,40,Boulder Shoulders,2024-06-12 18:20:37,7a+/V7,7a+/V7,False,1,False,1,1,False,True,
tension,40,As Handsome and As Tall,2024-06-12 18:24:07,7a+/V7,7a+/V7,False,1,False,1,1,False,True,
tension,40,Vivid,2024-06-12 18:28:22,7b/V8,7b/V8,False,2,False,1,2,False,True,
tension,40,Here It Goes Again,2024-06-23 08:29:19,5c/V2,5c/V2,True,1,True,1,1,False,True,
tension,40,Prowler,2024-06-23 08:32:23,6a+/V3,6a+/V3,False,1,True,1,1,False,True,
tension,40,Opium,2024-06-23 08:33:35,6b/V4,6b/V4,False,1,True,1,1,False,True,
tension,40,What Do Cherries Do?,2024-06-23 08:37:42,6c/V5,6c/V5,True,1,True,1,1,False,True,
tension,40,My Next Guest,2024-06-23 08:40:42,7a/V6,7a/V6,True,1,True,1,1,False,True,
tension,40,Jedi Mind,2024-06-23 09:01:05,7b/V8,7b/V8,True,2,True,1,2,False,True,"Yeah! Really good. Make it a classic. 
"
tension,40,Farther Then Away,2024-06-26 17:30:25,6a+/V3,6a+/V3,True,1,False,1,1,False,True,
tension,40,Starships Were Meant to Fly,2024-06-26 17:31:35,6a+/V3,6a+/V3,True,1,True,1,1,False,True,
tension,40,Sober,2024-06-26 17:33:44,6b/V4,6b/V4,True,1,True,1,1,False,True,
tension,40,Dice Master,2024-06-26 17:35:25,7a/V6,7a/V6,True,1,False,1,1,False,True,
tension,40,Catastrophe,2024-06-26 17:37:51,6c+/V5,6c+/V5,True,1,False,1,1,False,True,
tension,40,Knights of Cydonia,2024-06-26 18:09:40,7c/V9,7c/V9,False,1,False,1,1,False,True,
tension,40,Maybe Someday,2024-06-26 18:36:22,7b+/V8,7b+/V8,True,1,False,1,1,False,True,
tension,40,Poker Face,2024-06-26 18:52:52,7c/V9,7c/V9,False,1,False,1,1,False,True,Really enjoy the movement. Punted the last move once. 
tension,40,Factor Analysis,2024-06-26 19:03:25,7a+/V7,7a+/V7,True,1,False,1,1,False,True,
tension,40,G’on Now,2024-06-26 19:08:30,6c+/V5,6c+/V5,True,1,False,1,1,False,True,
tension,40,Sequence,2024-06-28 17:24:48,5c/V2,5c/V2,True,1,True,1,1,False,True,
tension,40,Farther Then Away,2024-06-28 17:29:39,6a+/V3,6a+/V3,True,1,True,1,1,False,True,
tension,40,Return Flight,2024-06-28 17:31:32,6b+/V4,6b+/V4,True,1,False,1,1,False,True,
tension,40,Propagation,2024-06-28 17:33:48,6b/V4,6b/V4,True,1,False,1,1,False,True,
tension,40,Boat Float,2024-06-28 17:43:30,6c/V5,6c/V5,True,1,True,1,1,False,True,
tension,40,Get Tight,2024-06-28 17:57:05,7a/V6,7a/V6,True,1,True,1,1,False,True,
tension,40,Deep Dried Mango,2024-06-28 18:11:25,6c+/V5,6b+/V4,False,1,True,1,1,False,True,
tension,40,Control For Smilers,2024-07-02 17:25:33,5b/V1,5b/V1,True,1,True,1,1,False,True,
tension,40,Christmas Lights,2024-07-02 17:27:21,5c/V2,5c/V2,True,1,True,1,1,False,True,
tension,40,Fuel Economy,2024-07-02 17:29:47,6b/V4,6b/V4,False,1,True,1,1,False,True,
tension,40,Mothership Connection,2024-07-02 17:31:56,6c+/V5,6c+/V5,True,1,True,1,1,False,True,
tension,40,The Mad Russian,2024-07-02 18:31:09,6c+/V5,7a+/V7,True,1,False,1,1,False,True,
tension,40,Absolute Power,2024-07-02 18:59:07,7a/V6,7a/V6,True,1,False,1,1,False,True,
tension,40,G’on Now,2024-07-02 19:12:12,6c+/V5,6c+/V5,True,1,True,1,1,False,True,
tension,40,Slow Down,2024-07-08 17:24:28,5a/V1,5a/V1,True,1,True,1,1,False,True,
tension,40,Mudshovel,2024-07-08 17:25:26,5c/V2,5c/V2,True,1,True,1,1,False,True,
tension,40,You Look Great Today,2024-07-08 17:26:52,6a/V3,6a/V3,True,1,False,1,1,False,True,
tension,40,hop scotch,2024-07-08 17:28:53,6b/V4,6b/V4,True,1,True,1,1,False,True,
tension,40,Incarnate,2024-07-08 17:30:15,7a/V6,7a/V6,True,1,False,1,1,False,True,
tension,40,Fisticuffs,2024-07-08 17:37:47,7a+/V7,7a+/V7,True,1,True,1,1,False,True,
tension,40,The Host Star,2024-07-08 17:54:49,7b+/V8,7b+/V8,True,1,False,1,1,False,True,
tension,40,Girl on Fire,2024-07-08 18:51:15,7a+/V7,7a+/V7,True,1,False,1,1,False,True,
tension,40,Peanut Power,2024-07-08 18:55:39,7a+/V7,7a+/V7,True,1,False,1,1,False,True,
tension,40,The Leaning Tower,2024-07-08 18:57:52,7a/V6,7a/V6,True,1,False,1,1,False,True,
tension,40,Drain from the Brain,2024-07-08 18:59:27,6c/V5,6c/V5,True,1,False,1,1,False,True,
tension,40,Wayward Son,2024-07-12 17:03:35,5a/V1,5a/V1,True,1,True,1,1,False,True,
tension,40,Further,2024-07-12 17:04:37,5c/V2,5c/V2,True,1,False,1,1,False,True,
tension,40,Compliments To The Climber,2024-07-12 17:08:14,6b/V4,6b/V4,True,1,True,1,1,False,True,
tension,40,Constraint,2024-07-12 17:10:50,6c/V5,6c/V5,True,1,True,1,1,False,True,
tension,40,Constraint,2024-07-12 17:11:00,6c/V5,6c/V5,True,1,True,1,2,True,True,
tension,40,Constraint,2024-07-12 17:11:11,6c/V5,6c/V5,True,1,True,1,3,True,True,
tension,40,Dust Storm,2024-07-12 17:16:47,7a/V6,7a/V6,True,1,True,1,1,False,True,
tension,40,Yonder County,2024-07-12 17:35:43,7a+/V7,7a+/V7,True,1,True,1,1,False,True,
tension,40,You’ll Find Out,2024-07-12 18:29:56,7b/V8,7b+/V8,False,1,True,1,1,False,True,Good movement 
tension,40,Slippy the Frog,2024-07-12 18:46:47,7a+/V7,7a+/V7,True,1,True,1,1,False,True,
tension,40,Erase,2024-07-12 18:56:09,7a+/V7,7a+/V7,True,1,True,1,1,False,True,Pretty good. 
tension,40,Ended,2024-07-12 18:58:58,6c/V5,6c/V5,True,1,False,1,1,False,True,
tension,40,Wingtips,2024-07-15 17:23:05,6a+/V3,6a+/V3,True,1,True,1,1,False,True,
tension,40,Propagation,2024-07-15 17:24:53,6b/V4,6b/V4,True,1,True,1,1,False,True,
tension,40,More Like It,2024-07-15 17:26:46,6c/V5,6c/V5,True,1,False,1,1,False,True,
tension,40,Absolute Power,2024-07-15 17:30:38,7a/V6,7a/V6,True,1,True,1,1,False,True,
tension,40,Bast,2024-07-15 17:37:57,7a+/V7,7a+/V7,True,1,False,1,1,False,True,
tension,40,Unregistered Securities,2024-07-15 19:01:51,7b+/V8,7b+/V8,False,1,True,1,1,False,True,"I was tarnished, but this boulder made me a better person. "
tension,40,Doomscroll,2024-07-17 17:13:21,4c/V0,4c/V0,True,1,True,1,1,False,True,
tension,40,Vindicated,2024-07-17 17:17:26,5c/V2,5c/V2,True,1,False,1,1,False,True,
tension,40,Gin and Juice,2024-07-17 18:09:56,7a/V6,7a/V6,True,1,False,1,1,False,True,
tension,40,Prime,2024-07-21 08:21:31,5c/V2,5c/V2,True,1,False,1,1,False,True,
tension,40,Endearing,2024-07-21 08:22:44,6b+/V4,6b+/V4,True,1,True,1,1,False,True,
tension,40,Llama Chips,2024-07-21 08:24:49,6a+/V3,6a+/V3,True,1,False,1,1,False,True,
tension,40,Touch Off,2024-07-21 08:26:27,6c+/V5,6c+/V5,True,1,True,1,1,False,True,
tension,40,Sawmill,2024-07-21 08:31:07,7a/V6,7a/V6,True,1,True,1,1,False,True,
tension,40,Crimper’s Paradise #7,2024-07-21 08:33:16,7a+/V7,7a+/V7,True,1,False,1,1,False,True,
tension,40,Literally Licorice,2024-07-21 08:50:36,7b+/V8,7b+/V8,True,1,True,1,1,False,True,
tension,40,The Purist,2024-07-21 09:13:46,7b/V8,7b/V8,False,1,False,1,1,False,True,
tension,40,Loch Ness Monster,2024-07-23 17:14:12,6a/V3,6a/V3,False,1,False,1,1,False,True,
tension,40,Back in the Day,2024-07-23 17:17:24,6b/V4,6b/V4,True,1,True,1,1,False,True,
tension,40,Birth of the Dragon,2024-07-23 17:18:51,7a+/V7,7a+/V7,True,1,False,1,1,False,True,
tension,40,Dead Leaves on the Dirty Ground,2024-07-23 17:35:33,7b/V8,7b/V8,True,1,False,1,1,False,True,
tension,40,Knights of Cydonia,2024-07-23 18:32:08,7c/V9,7c/V9,False,1,True,1,1,False,True,
tension,40,flip flops and socks,2024-07-23 18:53:07,7a+/V7,7b/V8,False,1,False,1,1,False,True,
tension,40,Doze,2024-07-26 17:08:30,6a/V3,6a/V3,False,1,False,1,1,False,True,
tension,40,Opium,2024-07-26 17:10:51,6b/V4,6b/V4,False,1,False,1,1,False,True,
tension,40,Dante 1,2024-07-26 17:14:41,6c+/V5,6c+/V5,False,1,False,1,1,False,True,
tension,40,slingshot!,2024-07-26 17:17:53,7a/V6,7a/V6,False,1,False,1,1,False,True,
tension,40,Banana Peel,2024-07-26 17:24:42,7a+/V7,7a+/V7,True,1,True,1,1,False,True,
tension,40,Teenagers Scare the Living,2024-07-26 17:39:56,7b/V8,7b/V8,True,1,False,1,1,False,True,
tension,40,Diddly Squat,2024-07-26 18:00:37,7c/V9,7c/V9,False,1,True,1,1,False,True,
tension,40,Girl on Fire,2024-07-26 18:15:04,7a+/V7,7a+/V7,True,1,True,1,1,False,True,
tension,40,"14,000 Minutes",2024-07-29 17:17:23,5c/V2,5c/V2,True,1,False,1,1,False,True,
tension,40,Skypager,2024-07-29 17:18:51,4c/V0,4c/V0,True,1,True,1,1,False,True,
tension,40,Compliments To The Climber,2024-07-29 17:20:09,6b/V4,6b/V4,True,1,False,1,1,False,True,
tension,40,Poseidon,2024-07-29 17:23:53,6c/V5,6c/V5,True,1,True,1,1,False,True,
tension,40,The Leaning Tower,2024-07-29 17:31:25,7a/V6,7a/V6,True,1,True,1,1,False,True,
tension,40,Finding a Dog at a Party,2024-07-29 17:43:05,7c/V9,7c/V9,False,1,False,1,1,False,True,Low end v9 but I’ll take it for the v9 flash! 
tension,40,Blue Sun,2024-07-29 18:04:35,7b/V8,7b/V8,False,2,True,1,2,False,True,I was tarnish until this boulder came upon me. 
tension,40,Best in the West,2024-07-29 18:49:32,7b/V8,7b/V8,True,1,False,1,1,False,True,
tension,40,Shark Tank,2024-07-29 18:51:51,7a+/V7,7b/V8,False,1,False,1,1,False,True,Amazing.
tension,40,eat cereal,2024-08-02 17:09:13,5c/V2,5c/V2,False,1,False,1,1,False,True,
tension,40,eat oysters,2024-08-02 17:11:46,6b/V4,6b/V4,False,1,True,1,1,False,True,
tension,40,Thunderstruck,2024-08-02 17:13:33,6b/V4,6b/V4,True,1,True,1,1,False,True,
tension,40,Drain from the Brain,2024-08-02 17:15:51,6c/V5,6c/V5,True,1,True,1,1,False,True,
tension,40,Yonder County,2024-08-02 17:19:10,7a+/V7,7a+/V7,True,1,False,1,1,False,True,
tension,40,Dead Leaves on the Dirty Ground,2024-08-02 17:40:31,7b/V8,7b/V8,True,1,True,1,1,False,True,
tension,40,Gold In My Veins,2024-08-02 18:42:41,7c/V9,7c/V9,False,1,False,1,1,False,True,"Match, toe, jump!"
tension,40,Everyday Struggle,2024-08-06 17:15:26,6a+/V3,6a+/V3,False,1,True,1,1,False,True,
tension,40,eat oysters,2024-08-06 17:18:42,6b/V4,6b/V4,False,1,False,1,1,False,True,
tension,40,Wood You Rather?,2024-08-06 17:20:11,6c/V5,6c/V5,False,1,False,1,1,False,True,
tension,40,Purple Porcupines,2024-08-06 17:23:12,6b/V4,6b/V4,False,1,False,1,1,False,True,
tension,40,Fintch,2024-08-06 17:39:28,7a/V6,7a/V6,False,1,False,1,1,False,True,
tension,40,Snack Break,2024-08-06 17:42:02,7a+/V7,7a+/V7,False,1,False,1,1,False,True,
tension,40,Rusted Moon,2024-08-06 17:47:47,7a+/V7,7b/V8,False,1,False,1,1,False,True,Fun!
tension,40,Kouign-Amann,2024-08-06 18:31:14,7b/V8,7b/V8,True,2,False,1,2,False,True,
tension,40,Fisticuffs,2024-08-06 19:37:48,7a+/V7,7a+/V7,True,1,False,1,1,False,True,
tension,40,Ghosts N’ Stuff,2024-08-14 17:14:58,6a+/V3,6a+/V3,False,1,False,1,1,False,True,
tension,40,Hazy Sunshine,2024-08-14 17:17:55,6b/V4,6b+/V4,True,1,False,1,1,False,True,
tension,40,Ratchet,2024-08-14 17:21:21,7a/V6,7a/V6,False,1,True,1,1,False,True,
tension,40,Heel Me Baby One More Time,2024-08-14 17:25:04,7a+/V7,7a+/V7,True,1,False,1,1,False,True,
tension,40,Millstream,2024-08-14 17:32:50,7a+/V7,7a+/V7,True,1,True,1,1,False,True,
tension,40,Tea In thy Bag,2024-08-14 18:33:19,7c/V9,7c/V9,False,1,False,1,1,False,True,Woah! 
tension,40,you bastard,2024-08-14 18:56:21,7b/V8,7b/V8,True,1,True,1,1,False,True,
tension,40,Where’s my sports bra?,2024-08-15 08:42:20,7b/V8,7b/V8,False,1,True,1,1,False,True,Gotta jump! 
tension,40,Gin and Juice,2024-08-28 17:19:24,7a/V6,7a/V6,True,1,True,1,1,False,True,
tension,40,Prowler,2024-08-28 17:20:40,6a+/V3,6a+/V3,False,1,False,1,1,False,True,
tension,40,Psycho Killer,2024-08-28 17:22:03,6b+/V4,6b+/V4,False,1,True,1,1,False,True,
tension,40,Dante 1,2024-08-28 17:23:50,6c+/V5,6c+/V5,False,1,True,1,1,False,True,
tension,40,Pathfinder Deluxe,2024-08-28 17:28:04,7a/V6,7a/V6,False,2,True,1,2,False,True,
tension,40,Warm Up Better You Fools,2024-08-28 17:35:17,6a+/V3,6a+/V3,False,1,False,1,1,False,True,
tension,40,Slippy the Frog,2024-08-28 17:37:18,7a+/V7,7a+/V7,True,1,False,1,1,False,True,
tension,40,Qua-Drewped,2024-08-28 18:13:40,7b+/V8,7b+/V8,False,4,True,1,4,False,True,Banger!!
tension,40,One Hundred Kettlebell Swings,2024-08-30 17:48:38,7a/V6,7a/V6,False,3,False,1,3,False,True,
tension,40,Floating with Heavy Metal,2024-08-30 18:06:18,7b/V8,7b/V8,False,4,False,1,4,False,True,
tension,40,Baptized in Fire,2024-08-30 18:25:03,7b+/V8,7b+/V8,True,1,False,1,1,False,True,
tension,40,Baptized in Fire,2024-08-30 18:27:35,7b+/V8,7b+/V8,True,1,True,1,1,False,True,
tension,40,hike’n’bike,2024-08-30 18:58:32,7b/V8,7b/V8,False,1,True,1,1,False,True,Perfection 
tension,40,eat cereal,2024-09-05 17:22:41,5c/V2,5c/V2,False,1,True,1,1,False,True,
tension,40,(c) underling,2024-09-05 17:23:57,6a/V3,6a/V3,False,1,True,1,1,False,True,
tension,40,H Town,2024-09-05 17:25:48,6b/V4,6b/V4,False,1,True,1,1,False,True,
tension,40,H Town,2024-09-05 17:28:18,6b/V4,6b/V4,False,1,False,1,1,False,True,
tension,40,Post Stallone,2024-09-05 17:31:17,6c/V5,6c/V5,True,1,False,1,1,False,True,
tension,40,Particle Shift,2024-09-05 17:38:15,7a+/V7,7a+/V7,False,1,False,1,1,False,True,I’m a better person now because of this. 
tension,40,Turn Loose,2024-09-05 17:56:13,7b/V8,7b/V8,False,6,False,1,6,False,True,Money 
tension,40,Out of Body,2024-09-05 18:44:48,7b/V8,7b/V8,True,1,False,1,1,False,True,
tension,40,Shine On,2024-09-11 18:00:41,7a+/V7,7a+/V7,False,1,False,1,1,False,True,
tension,40,Kouign-Amann,2024-09-11 18:32:51,7b/V8,7b/V8,True,1,True,1,1,False,True,
tension,40,I Want to Conquer the World,2024-09-13 17:20:19,6a/V3,6a/V3,False,1,False,1,1,False,True,
tension,40,Jugfest,2024-09-13 17:21:32,6a/V3,6a/V3,False,1,False,1,1,False,True,
tension,40,Sweetness,2024-09-13 17:24:25,6b/V4,6b/V4,False,1,True,1,1,False,True,
tension,40,Boulder Shoulders,2024-09-13 17:46:53,7a+/V7,7a+/V7,False,1,True,1,1,False,True,
tension,40,Tee the Ball,2024-09-13 17:57:05,7a/V6,7a/V6,False,1,False,1,1,False,True,
tension,40,Crimson Guard,2024-09-13 18:28:21,7a/V6,7a/V6,False,1,False,1,1,False,True,
tension,40,Mad Armada (VAR.),2024-09-17 18:59:24,7a/V6,7a/V6,False,1,False,1,1,False,True,
tension,40,Trident,2024-09-17 19:01:41,7a+/V7,7a+/V7,False,1,False,1,1,False,True,
tension,40,Dog Sh*t Vibes,2024-09-17 19:09:11,7c/V9,7b+/V8,False,3,False,1,3,False,True,I’ll have it a thumbs up! 
tension,40,jh1,2024-09-17 19:55:16,7b+/V8,7b+/V8,False,1,False,1,1,False,True,Hard 8 but a soft 9. 
tension,40,Back Seating,2024-09-18 17:28:33,5c/V2,5c/V2,False,1,False,1,1,False,True,
tension,40,samsies,2024-09-18 18:40:06,7c/V9,7c/V9,False,8,True,1,8,False,True,Cruxy! But I enjoyed it. 
tension,40,Doctor with all C’s in College,2024-09-18 18:46:40,7a+/V7,7a+/V7,True,1,False,1,1,False,True,
tension,40,Heel Meal,2024-09-22 11:15:13,6a/V3,6a/V3,False,1,True,1,1,False,True,
tension,40,Sleeping Beauty,2024-09-22 11:17:22,6c/V5,6c/V5,False,1,True,1,1,False,True,
tension,40,Tell Me Baby,2024-09-22 11:21:02,7a/V6,7a/V6,False,1,True,1,1,False,True,
tension,40,Bast,2024-09-22 11:25:05,7a+/V7,7a+/V7,True,1,True,1,1,False,True,
tension,40,Locked In,2024-09-22 12:23:18,7c/V9,7c/V9,False,3,False,1,3,False,True,Big move to top crimp and a little recycling..
tension,40,Doze,2024-09-23 17:19:13,6a/V3,6a/V3,False,1,True,1,1,False,True,
tension,40,Brothers of Metal,2024-09-23 17:21:29,6b+/V4,6b+/V4,True,1,False,1,1,False,True,
tension,40,Idealistic,2024-09-23 17:25:30,6c/V5,6c/V5,False,1,False,1,1,False,True,
tension,40,Snotty,2024-09-23 17:27:57,7a/V6,6c/V5,True,1,False,1,1,False,True,
tension,40,Dark Side of the Moon,2024-09-23 18:03:42,7b/V8,7b/V8,False,1,False,1,1,False,True,
tension,40,Churning Curve,2024-09-26 17:20:45,7a+/V7,7a+/V7,False,2,True,1,2,False,True,
tension,40,If I could be free,2024-09-26 17:26:01,7b/V8,7b/V8,False,1,True,1,1,False,True,
tension,40,Raptor Retractor (8x12 Crop),2024-09-26 18:37:55,7c/V9,7c/V9,False,6,False,1,6,False,True,Rad 
tension,40,Aged Through Blood,2024-09-26 18:52:38,7a+/V7,7a+/V7,False,2,False,1,2,False,True,Soft like Margit the Fell Omen
tension,40,Parachutes,2024-10-21 17:18:52,6a/V3,6a+/V3,False,2,False,1,2,False,True,
tension,40,Shelby Proj #2,2024-10-21 17:22:25,6b+/V4,6b/V4,False,1,True,1,1,False,True,
tension,40,Bronze Medalist,2024-10-21 17:27:00,6c+/V5,6c+/V5,False,1,True,1,1,False,True,
tension,40,walkin,2024-10-21 17:46:34,7a/V6,7a/V6,False,1,False,1,1,False,True, Great for the grade. 
tension,40,Consecutive Normal Punches,2024-10-21 18:17:07,7b+/V8,7b+/V8,False,1,False,1,1,False,True,Solid 8.4. 
tension,40,Kelvin Gemstone,2024-10-21 18:21:11,7a+/V7,7a+/V7,False,1,False,1,1,False,True,
tension,40,Movin’ Along,2024-10-30 16:10:28,6a/V3,6a/V3,False,1,False,1,1,False,True,
tension,40,Frog Tea,2024-10-30 16:12:06,6b+/V4,6b+/V4,False,1,False,1,1,False,True,
tension,40,U.B.I,2024-10-30 16:14:40,6a+/V3,6a+/V3,False,1,False,1,1,False,True,
tension,40,Matty's Ambition,2024-10-30 16:16:54,6c+/V5,6c+/V5,False,1,False,1,1,False,True,
tension,40,Anticipation,2024-10-30 17:29:19,7a/V6,7a/V6,True,1,True,1,1,False,True,
tension,40,Jugfest,2024-11-06 17:20:00,6a/V3,6a/V3,False,1,True,1,1,False,True,
tension,40,Hold Your Horses,2024-11-06 17:21:41,6a/V3,6a/V3,False,1,True,1,1,False,True,
tension,40,Purple Porcupines,2024-11-06 17:27:13,6b/V4,6b/V4,False,1,True,1,1,False,True,
tension,40,Post Stallone,2024-11-06 17:31:22,6c/V5,6c/V5,True,1,True,1,1,False,True,
tension,40,Anello,2024-11-06 17:31:38,5c/V2,5c/V2,False,1,True,1,1,False,True,
tension,40,A Jazzy Christmas,2024-11-06 17:47:12,7a/V6,7a/V6,True,1,True,1,1,False,True,
tension,40,Crash,2024-11-06 17:57:09,7a+/V7,7a+/V7,False,1,True,1,1,False,True,
tension,40,eat pizza,2024-11-18 17:09:35,6a/V3,6a/V3,False,1,False,1,1,False,True,
tension,40,Movin’ Along,2024-11-18 17:12:45,6a/V3,6a/V3,False,1,True,1,1,False,True,
tension,40,The Chicken Pinches,2024-11-18 17:13:50,6b/V4,6b/V4,False,1,True,1,1,False,True,
tension,40,The Cave,2024-11-18 17:15:50,6c/V5,6c/V5,False,1,True,1,1,False,True,
tension,40,$2 lap dance 💃🕺,2024-11-18 17:18:44,6c/V5,6c/V5,True,1,True,1,1,False,True,
tension,40,Solar War I,2024-11-18 17:33:31,6c/V5,6c/V5,True,1,True,1,1,False,True,
tension,25,We’re back!,2025-03-28 16:47:25,6a/V3,6a/V3,True,1,False,1,1,False,True,
tension,25,Poseidon,2025-03-28 16:56:29,6a/V3,6a/V3,True,1,False,1,1,False,True,
tension,25,Candy,2025-03-28 16:58:49,6c/V5,6c/V5,False,1,False,1,1,False,True,
tension,50,Cuff It,2025-03-28 17:10:19,6b/V4,6b/V4,True,1,False,1,1,False,True,
tension,50,Cuff It,2025-03-28 17:12:47,6b/V4,6b/V4,True,1,True,1,1,False,True,
tension,50,Meat Grinder,2025-03-28 17:19:37,6c+/V5,6c+/V5,True,1,True,1,1,False,True,
tension,50,Debris,2025-03-28 17:27:22,6c+/V5,6c+/V5,True,1,True,1,1,False,True,
tension,40,Horseshoe,2025-04-02 17:01:40,5c/V2,5c/V2,True,1,False,1,1,False,True,
tension,40,Sunlight for Plants,2025-04-02 17:04:08,6a+/V3,6a+/V3,True,1,False,1,1,False,True,
tension,40,New Game,2025-04-02 17:07:26,6b/V4,6b/V4,True,1,False,1,1,False,True,
tension,40,Squeegee,2025-04-02 17:09:54,6c/V5,6c/V5,True,1,True,1,1,False,True,
tension,40,Plume,2025-04-02 17:13:37,7a/V6,7a/V6,True,1,True,1,1,False,True,
tension,40,Tweak,2025-04-02 17:19:18,7a+/V7,7a+/V7,True,1,False,1,1,False,True,
tension,45,Transient,2025-04-02 17:33:50,7a/V6,7a/V6,True,1,False,1,1,False,True,
tension,45,Spinning Plates,2025-04-02 17:38:48,7b+/V8,7b+/V8,True,1,False,1,1,False,True,
tension,45,Hold Your Horses,2025-04-04 15:42:02,6a/V3,6a/V3,True,1,False,1,1,False,True,
tension,45,Christmas Lights,2025-04-04 15:43:23,6a+/V3,6a+/V3,True,1,False,1,1,False,True,
tension,45,Impulsively,2025-04-04 15:45:03,6b+/V4,6b+/V4,True,1,False,1,1,False,True,
tension,45,Starships Were Meant to Fly,2025-04-04 15:49:19,6b+/V4,6b+/V4,True,1,False,1,1,False,True,
tension,45,Tremolo,2025-04-04 15:52:18,6a/V3,6a/V3,True,1,False,1,1,False,True,
tension,45,Immorality,2025-04-04 15:53:42,6b+/V4,6b+/V4,True,1,False,1,1,False,True,
tension,45,Don’t fool yourself,2025-04-04 16:00:01,6c/V5,6c/V5,True,1,False,1,1,False,True,
tension,40,conspiracy theories,2025-04-04 16:52:22,7a+/V7,7a+/V7,False,5,False,1,5,False,True,
tension,40,Rocket Skates,2025-04-04 16:56:36,6c/V5,6c/V5,True,1,True,1,1,False,True,
tension,40,Advisor,2025-04-04 16:58:04,7a/V6,7a/V6,True,1,True,1,1,False,True,
tension,40,Change,2025-04-04 17:01:23,7a/V6,7a/V6,True,1,False,1,1,False,True,
tension,40,Doctor with all C’s in College,2025-04-04 17:06:29,7a+/V7,7a+/V7,True,1,True,1,1,False,True,
tension,40,Tremolo,2025-04-13 09:50:57,5b/V1,5b/V1,True,1,False,1,1,False,True,
tension,40,Horseshoe,2025-04-13 09:52:09,5c/V2,5c/V2,True,1,True,1,1,False,True,
tension,40,Hazy Sunshine,2025-04-13 09:55:26,6b+/V4,6b+/V4,True,1,True,1,1,False,True,
tension,40,Sushi Knight,2025-04-13 09:59:29,6c+/V5,6c+/V5,True,1,True,1,1,False,True,
tension,40,The Dreamer,2025-04-13 10:03:16,7a/V6,7a/V6,True,1,True,1,1,False,True,
tension,40,Through the Glare,2025-04-13 10:05:58,6c/V5,6c/V5,True,1,True,1,1,False,True,
tension,40,Jug Board,2025-04-18 11:30:46,6a+/V3,6a+/V3,True,1,False,1,1,False,True,
tension,40,New Game,2025-04-18 11:32:43,6b/V4,6b/V4,True,1,True,1,1,False,True,
tension,40,Lycanthropes of London,2025-04-18 11:38:16,7a+/V7,7a+/V7,True,37,True,1,37,False,True,Never could do on the narrow board but  much more easy on the 12x12. 
tension,40,Deep Fog,2025-04-18 11:57:31,7c/V9,7c/V9,True,1,True,1,1,False,True,"I don’t flash often, but when I do, it’s soft. :) fun climb "
tension,50,The Purple Bottle,2025-04-21 14:37:35,6a+/V3,6a+/V3,True,1,False,1,1,False,True,
tension,50,Wu-Tang is for the Children and the Children Yearn for the Mines,2025-04-21 14:38:34,6a/V3,6a/V3,True,1,True,1,1,False,True,
tension,50,Upline,2025-04-21 14:40:59,6b+/V4,6b+/V4,True,1,True,1,1,False,True,
tension,40,Sunlight for Plants,2025-04-21 14:44:27,6a+/V3,6a+/V3,True,1,True,1,1,False,True,
tension,40,Marine Science,2025-04-21 14:46:05,6b+/V4,6b+/V4,True,1,True,1,1,False,True,
tension,40,Sushi Knight,2025-04-21 14:56:58,6c+/V5,6c+/V5,True,1,False,1,1,False,True,
tension,40,Best in the West,2025-04-21 16:10:35,7b/V8,7b/V8,True,1,True,1,1,False,True,
tension,45,We’re back!,2025-04-21 16:18:53,7a+/V7,7a+/V7,True,1,True,1,1,False,True,
tension,40,Tremolo,2025-04-24 09:41:48,5b/V1,5b/V1,True,1,True,1,1,False,True,
tension,40,Jug Board,2025-04-24 09:45:28,6a+/V3,6a+/V3,True,1,True,1,1,False,True,
tension,40,Marine Science,2025-04-24 09:48:01,6b+/V4,6b+/V4,True,1,False,1,1,False,True,
tension,40,Adventure Capitalist,2025-04-24 09:51:04,6b/V4,6b/V4,True,1,False,1,1,False,True,
tension,40,Change,2025-04-24 09:53:20,7a/V6,7a/V6,True,1,True,1,1,False,True,
tension,40,Last Friday Night,2025-04-24 09:55:21,7a+/V7,7a+/V7,True,1,True,1,1,False,True,
tension,45,Layaway,2025-04-24 11:04:20,7b/V8,7b/V8,True,6,True,1,6,False,True,Cool cool cool 
tension,45,Dice Master,2025-04-24 11:16:24,7a+/V7,7a+/V7,True,1,True,1,1,False,True,
tension,45,NBA Slow Jams,2025-04-24 11:20:52,7a+/V7,7a+/V7,True,1,True,1,1,False,True,
tension,35,Chicken Fingers,2025-04-28 09:19:35,5c/V2,5c/V2,True,1,False,1,1,False,True,
tension,35,Chicken Fingers,2025-04-28 09:20:44,5c/V2,5c/V2,True,1,True,1,1,False,True,
tension,35,Further,2025-04-28 09:21:44,6a+/V3,6a+/V3,True,1,True,1,1,False,True,
tension,35,Further,2025-04-28 09:22:20,6a+/V3,6a+/V3,True,1,False,1,1,False,True,
tension,35,You Look Great Today,2025-04-28 09:23:30,6a/V3,6a/V3,True,1,False,1,1,False,True,
tension,35,Soft Pretzel,2025-04-28 09:25:05,6b/V4,6b/V4,True,1,False,1,1,False,True,
tension,35,Brothers of Metal,2025-04-28 09:27:24,6c/V5,6c/V5,True,1,False,1,1,False,True,
tension,35,Brothers of Metal,2025-04-28 09:28:35,6c/V5,6c/V5,True,1,True,1,1,False,True,
tension,35,The Meteorite is Coming,2025-04-28 09:30:33,7a/V6,7a/V6,True,1,True,1,1,False,True,
tension,35,Layaway,2025-04-28 09:32:08,7a/V6,7a/V6,True,1,True,1,1,False,True,
tension,35,Presumably,2025-04-28 09:34:49,6c+/V5,6c+/V5,True,1,True,1,1,False,True,
tension,35,Rosewood,2025-04-28 09:49:49,7a+/V7,7a+/V7,True,1,True,1,1,False,True,
tension,35,Spellwork,2025-04-28 10:02:35,7a+/V7,7a+/V7,True,1,True,1,1,False,True,
tension,35,Maybe Someday,2025-04-28 10:10:27,7b/V8,7b/V8,True,1,True,1,1,False,True,
tension,35,Higher,2025-04-28 10:16:31,6c+/V5,6c+/V5,True,1,False,1,1,False,True,
tension,40,Ghost Mile,2025-05-01 15:55:22,6b/V4,6b/V4,True,1,False,1,1,False,True,
tension,40,Adventure Capitalist,2025-05-01 15:59:51,6b/V4,6b/V4,True,1,True,1,1,False,True,
tension,40,Hall of Flowers,2025-05-01 16:03:40,6c+/V5,6c+/V5,True,1,True,1,1,False,True,
tension,40,Nonetheless,2025-05-01 16:10:09,7a/V6,7a/V6,True,1,True,1,1,False,True,
tension,40,Halo Diffusion,2025-05-01 16:15:06,7a+/V7,7a+/V7,True,1,True,1,1,False,True,
tension,40,Pawn Promotion,2025-05-01 16:33:12,7b/V8,7b/V8,True,1,True,1,1,False,True,
tension,40,Lignin,2025-05-04 08:20:27,5c/V2,5c/V2,True,1,False,1,1,False,True,
tension,40,Orgains,2025-05-04 08:21:37,6a/V3,6a/V3,True,1,False,1,1,False,True,
tension,40,Ghost Mile,2025-05-04 08:30:12,6b/V4,6b/V4,True,1,True,1,1,False,True,
tension,40,Technicolor Daydreaming,2025-05-04 08:32:51,6c/V5,6c/V5,True,1,True,1,1,False,True,
tension,40,My Next Guest,2025-05-04 08:37:23,7a/V6,7a/V6,True,1,False,1,1,False,True,
tension,40,Swamp Azz,2025-05-04 09:12:52,7a+/V7,7a+/V7,True,1,False,1,1,False,True,
tension,40,grass is greener,2025-05-04 09:40:29,7a+/V7,7a+/V7,True,1,True,1,1,False,True,
tension,40,The Net is Unbreakable,2025-05-04 09:51:15,7a/V6,7a/V6,True,1,True,1,1,False,True,
tension,35,Say It Ain’t So,2025-05-06 15:49:09,5c/V2,5c/V2,True,1,False,1,1,False,True,
tension,35,Money Music,2025-05-06 15:50:25,5c/V2,5c/V2,True,1,False,1,1,False,True,
tension,35,Sober,2025-05-06 15:53:14,6a+/V3,6a+/V3,True,1,False,1,1,False,True,
tension,35,Propagation,2025-05-06 15:54:52,6a+/V3,6a+/V3,True,1,False,1,1,False,True,
tension,35,Constraint,2025-05-06 15:56:05,6b/V4,6b/V4,True,1,False,1,1,False,True,
tension,35,Thunderhead,2025-05-06 15:56:17,6c/V5,6c/V5,True,1,False,1,1,False,True,
tension,35,Banana Peel,2025-05-06 16:00:19,7a/V6,7a/V6,True,1,False,1,1,False,True,
tension,40,Head and Shoulders,2025-05-06 16:51:06,7c/V9,7c/V9,True,1,False,1,1,False,True,
tension,45,Further,2025-05-13 15:56:18,6a/V3,6a/V3,True,1,False,1,1,False,True,
tension,45,Further,2025-05-13 15:57:10,6a/V3,6a/V3,True,1,True,1,1,False,True,
tension,45,Take Five,2025-05-13 16:00:03,6b/V4,6b/V4,True,1,True,1,1,False,True,
tension,45,Guided By Angels,2025-05-13 16:03:19,7a/V6,7a/V6,True,1,True,1,1,False,True,
tension,45,Rhapsody,2025-05-13 16:10:41,6c/V5,6c/V5,True,1,True,1,1,False,True,
tension,45,fucx Part-3,2025-05-13 16:15:07,7a+/V7,7a+/V7,True,1,True,1,1,False,True,
tension,45,In Play,2025-05-13 16:21:46,7b/V8,7b/V8,True,1,True,1,1,False,True,
tension,45,Paper Plane,2025-05-13 19:08:22,7c/V9,7c/V9,True,7,False,1,7,False,True,One of my favorite to date. 
tension,50,You Never Know,2025-05-16 17:05:43,6b/V4,6b/V4,True,1,False,1,1,False,True,
tension,40,Skerry,2025-05-16 18:02:04,7c/V9,7c/V9,True,2,False,1,2,False,True,Second go! 
tension,45,Might of Manon,2025-05-16 18:42:32,7c+/V10,7c+/V10,True,1,True,1,1,False,True,Fun 
tension,45,Millstream,2025-05-16 18:44:14,7b/V8,7b/V8,True,1,False,1,1,False,True,
tension,45,Constant Sleep,2025-05-19 16:13:29,7b+/V8,7b+/V8,True,3,False,1,3,False,True,Third try but I tired really really hard that last try. 
tension,50,Catastrophe,2025-05-19 17:06:46,7a+/V7,7a+/V7,True,1,False,1,1,False,True,
tension,50,"Loop, Swoop, & Pull",2025-05-19 17:08:10,7a+/V7,7a+/V7,True,1,False,1,1,False,True,
tension,45,Dust Storm,2025-05-28 16:53:19,7b/V8,7b/V8,True,1,False,1,1,False,True,
tension,45,Factor Analysis,2025-05-28 16:55:03,7b/V8,7b/V8,True,1,False,1,1,False,True,
tension,40,Halo Diffusion,2025-05-28 17:13:23,7a+/V7,7a+/V7,True,1,False,1,1,False,True,Banger! 
tension,40,SAFFRON MARSH,2025-05-28 17:15:11,7a/V6,7a/V6,True,1,False,1,1,False,True,
tension,35,Shallow Water,2025-06-03 16:22:12,7c/V9,7c/V9,True,1,False,1,1,False,True,I made the first move way hard this it suppose to be. 
tension,35,The Silver Mountain,2025-06-03 16:46:17,7c/V9,7c/V9,True,9,True,1,9,False,True,Yay
tension,40,Tweak,2025-06-03 17:25:32,7a+/V7,7a+/V7,True,1,True,1,1,False,True,
tension,35,Head and Shoulders,2025-06-03 17:29:29,7b+/V8,7b+/V8,True,2,False,1,2,False,True,A millions grades easier then on 40
tension,40,So Below,2025-06-06 16:57:53,7c/V9,7c/V9,True,12,True,1,12,False,True,"
Execution successful "
tension,50,A Milli,2025-06-10 15:50:12,7a+/V7,7a+/V7,True,1,False,1,1,False,True,
tension,40,Hodor!!,2025-06-10 16:36:36,7c+/V10,7c+/V10,True,1,False,1,1,False,True,Thanks Adam for a goodie
tension,40,Combat Evolved,2025-06-10 17:24:22,7b/V8,7b/V8,True,2,False,1,2,False,True,2nd go best go. 
tension,40,Out of Body,2025-06-10 17:27:39,7b/V8,7b/V8,True,1,True,1,1,False,True,
tension,40,Unrelenting Hand,2025-06-10 17:31:40,7a+/V7,7a+/V7,True,2,False,1,2,False,True,Didn’t know I was on a moon board!
tension,40,Unrelenting Hand,2025-06-10 17:33:00,7a+/V7,7a+/V7,True,1,True,1,1,False,True,
tension,40,Experience,2025-06-15 08:33:13,6b+/V4,6b+/V4,True,1,False,1,1,False,True,
tension,40,Solar War I,2025-06-15 08:39:21,6c/V5,6c/V5,True,1,False,1,1,False,True,
tension,40,Plume,2025-06-15 08:46:38,7a/V6,7a/V6,True,2,False,1,2,False,True,
tension,40,love is an open door.,2025-06-15 09:31:19,6c/V5,6c/V5,True,1,False,1,1,False,True,
tension,40,Technicolor Daydreaming,2025-06-15 09:34:31,6c/V5,6c/V5,True,1,False,1,1,False,True,
tension,40,Anything,2025-06-15 09:38:42,7a/V6,7a/V6,True,1,False,1,1,False,True,
tension,50,ReDirection,2025-06-17 16:04:59,7a/V6,7a/V6,True,3,True,1,3,False,True,Stiff but great. 
tension,50,Hey Brother,2025-06-17 16:16:09,7b+/V8,7b+/V8,True,1,True,1,1,False,True,
tension,45,Turnt Out,2025-06-17 16:44:55,7c/V9,7c/V9,True,10,False,1,10,False,True,Took a bit or figure out. Second go once I got the beta 
tension,45,"Too hot, double session",2025-06-17 17:03:14,7b+/V8,7b+/V8,True,3,False,1,3,False,True,Hate and love the first move. 
tension,45,fucx Part-3,2025-06-17 17:20:24,7a+/V7,7a+/V7,True,1,False,1,1,False,True,
tension,45,Cherry Tree,2025-06-17 17:22:32,7a/V6,7a/V6,True,1,False,1,1,False,True,
tension,45,Agua De Beber,2025-06-17 17:27:00,7a+/V7,7a+/V7,True,1,False,1,1,False,True,
tension,45,Masquerade,2025-06-20 15:50:28,6a+/V3,6a+/V3,True,1,False,1,1,False,True,
tension,45,Poseidon,2025-06-20 15:55:01,6c+/V5,6c+/V5,True,1,False,1,1,False,True,
tension,45,Mother Wolf,2025-06-20 16:01:27,6b/V4,6b/V4,True,1,False,1,1,False,True,
tension,45,Agua De Beber,2025-06-20 16:06:54,7a+/V7,7a+/V7,True,1,True,1,1,False,True,
tension,40,ERELAS,2025-06-24 15:51:53,6b+/V4,6b+/V4,True,1,True,1,1,False,True,
tension,40,Stealing Society,2025-06-24 15:53:30,6c+/V5,6c+/V5,True,1,True,1,1,False,True,
tension,40,A day in LA,2025-06-24 17:27:49,7a/V6,7a/V6,True,1,False,1,1,False,True,
tension,40,AMON ANWAR,2025-06-24 17:29:04,7a+/V7,7a+/V7,True,1,False,1,1,False,True,
tension,50,Ascention,2025-06-27 11:29:50,6c+/V5,6c+/V5,True,1,False,1,1,False,True,
